DateTime,Open,High,Low,Close,Volume
2026-03-01 18:00:00-05:00,5364.2002,5409.7002,5354.2998,5400.3999,10881
2026-03-01 19:00:00-05:00,5401.2998,5402.0,5353.8999,5360.6001,7620
2026-03-01 20:00:00-05:00,5360.5,5360.6001,5315.2998,5338.2998,12958
2026-03-01 21:00:00-05:00,5338.5,5364.8999,5329.2002,5358.7998,4640
2026-03-01 22:00:00-05:00,5358.7998,5379.5,5357.3999,5378.7002,3077
2026-03-01 23:00:00-05:00,5378.6001,5380.0,5358.3999,5369.7998,2620
2026-03-02 00:00:00-05:00,5368.2002,5380.0,5353.3999,5378.8999,3138
2026-03-02 01:00:00-05:00,5378.7998,5403.8999,5376.7002,5401.5,6073
2026-03-02 02:00:00-05:00,5401.7002,5434.1001,5398.8999,5423.0,10116
2026-03-02 03:00:00-05:00,5422.7998,5432.0,5406.2998,5408.8999,9458
2026-03-02 04:00:00-05:00,5409.1001,5418.3999,5400.0,5406.8999,6492
2026-03-02 05:00:00-05:00,5407.7998,5416.7998,5393.6001,5404.1001,7210
2026-03-02 06:00:00-05:00,5404.2002,5415.0,5386.0,5399.6001,5631
2026-03-02 07:00:00-05:00,5399.8999,5413.7002,5393.5,5412.3999,5779
2026-03-02 08:00:00-05:00,5412.2002,5432.2002,5396.7998,5409.7998,14541
2026-03-02 09:00:00-05:00,5409.0,5410.7998,5318.6001,5346.3999,31605
2026-03-02 10:00:00-05:00,5346.1001,5364.2998,5321.6001,5329.6001,15936
2026-03-02 11:00:00-05:00,5328.7002,5329.2998,5272.8999,5304.0,22017
2026-03-02 12:00:00-05:00,5303.6001,5335.1001,5300.3999,5321.1001,6716
2026-03-02 13:00:00-05:00,5321.3999,5330.7998,5302.8999,5329.7998,7951
2026-03-02 14:00:00-05:00,5329.8999,5348.5,5328.2002,5344.2002,5683
2026-03-02 15:00:00-05:00,5344.1001,5360.8999,5342.2002,5346.1001,5997
2026-03-02 16:00:00-05:00,5346.5,5354.6001,5335.3999,5335.8999,1860
2026-03-02 18:00:00-05:00,5335.7002,5360.8999,5334.8999,5359.1001,0
2026-03-02 19:00:00-05:00,5359.8999,5376.8999,5350.1001,5364.5,3197
2026-03-02 20:00:00-05:00,5364.8999,5394.2002,5351.5,5352.8999,6470
2026-03-02 21:00:00-05:00,5353.7002,5381.7998,5346.7002,5380.0,4266
2026-03-02 22:00:00-05:00,5380.7002,5387.2002,5372.2002,5381.2002,2135
2026-03-02 23:00:00-05:00,5380.7998,5389.2002,5373.0,5377.8999,2393
2026-03-03 00:00:00-05:00,5374.7002,5381.5,5318.0,5331.8999,5796
2026-03-03 01:00:00-05:00,5333.7002,5336.2002,5292.1001,5323.0,9322
2026-03-03 02:00:00-05:00,5322.7998,5346.1001,5318.5,5340.6001,4818
2026-03-03 03:00:00-05:00,5340.5,5349.0,5302.7998,5308.7998,6910
2026-03-03 04:00:00-05:00,5308.5,5317.3999,5236.0,5286.7998,17993
2026-03-03 05:00:00-05:00,5287.2998,5300.1001,5246.1001,5259.7002,8270
2026-03-03 06:00:00-05:00,5258.2998,5274.7998,5081.3999,5154.0,35026
2026-03-03 07:00:00-05:00,5154.5,5236.8999,5148.2002,5234.5,17701
2026-03-03 08:00:00-05:00,5234.6001,5234.6001,5137.2002,5166.5,18681
2026-03-03 09:00:00-05:00,5166.8999,5185.7998,5025.0,5048.0,33468
2026-03-03 10:00:00-05:00,5048.7998,5107.3999,5005.0,5105.2998,29186
2026-03-03 11:00:00-05:00,5105.3999,5145.2002,5100.2998,5117.8999,14875
2026-03-03 12:00:00-05:00,5117.7998,5120.6001,5075.1001,5089.5,10853
2026-03-03 13:00:00-05:00,5089.3999,5149.7998,5089.2998,5146.5,11291
2026-03-03 14:00:00-05:00,5147.0,5161.5,5109.2998,5122.2998,7238
2026-03-03 15:00:00-05:00,5123.7002,5141.7002,5096.0,5109.2998,5194
2026-03-03 16:00:00-05:00,5108.6001,5122.0,5093.2998,5099.5,2438
2026-03-03 18:00:00-05:00,5110.0,5139.1001,5092.7998,5133.3999,0
2026-03-03 19:00:00-05:00,5134.5,5149.5,5114.2998,5147.2998,3378
2026-03-03 20:00:00-05:00,5148.2002,5188.1001,5147.8999,5183.7002,7682
2026-03-03 21:00:00-05:00,5183.8999,5200.7002,5162.6001,5165.3999,6100
2026-03-03 22:00:00-05:00,5164.7998,5186.2998,5150.0,5183.1001,3724
2026-03-03 23:00:00-05:00,5183.2998,5189.6001,5160.1001,5166.3999,2344
2026-03-04 00:00:00-05:00,5165.7002,5177.2002,5160.5,5169.5,2255
2026-03-04 01:00:00-05:00,5168.3999,5170.2998,5130.0,5170.2998,5912
2026-03-04 02:00:00-05:00,5169.0,5186.0,5168.5,5178.2002,5536
2026-03-04 03:00:00-05:00,5178.2998,5192.7998,5157.7998,5178.6001,5306
2026-03-04 04:00:00-05:00,5177.8999,5196.3999,5170.0,5193.8999,5123
2026-03-04 05:00:00-05:00,5194.0,5214.7002,5191.2002,5201.8999,9054
2026-03-04 06:00:00-05:00,5201.2998,5213.2002,5199.2998,5204.2002,3547
2026-03-04 07:00:00-05:00,5204.2998,5218.2998,5167.8999,5182.0,7095
2026-03-04 08:00:00-05:00,5182.2002,5207.5,5177.2998,5178.5,7694
2026-03-04 09:00:00-05:00,5178.1001,5195.2002,5148.3999,5155.7002,13321
2026-03-04 10:00:00-05:00,5155.2002,5177.2998,5140.2002,5161.6001,14335
2026-03-04 11:00:00-05:00,5161.2002,5172.6001,5148.5,5161.5,7171
2026-03-04 12:00:00-05:00,5160.8999,5165.0,5131.5,5153.6001,6703
2026-03-04 13:00:00-05:00,5152.7002,5155.5,5119.3999,5144.7002,9422
2026-03-04 14:00:00-05:00,5144.7998,5150.5,5133.6001,5148.7002,2883
2026-03-04 15:00:00-05:00,5148.3999,5159.2002,5134.7998,5146.7998,2710
2026-03-04 16:00:00-05:00,5146.8999,5156.2998,5141.3999,5151.6001,1768
2026-03-04 18:00:00-05:00,5155.7002,5177.7998,5152.0,5176.2002,0
2026-03-04 19:00:00-05:00,5176.5,5191.5,5170.3999,5183.8999,2613
2026-03-04 20:00:00-05:00,5184.1001,5198.0,5177.1001,5181.7002,4535
2026-03-04 21:00:00-05:00,5181.2002,5201.7998,5180.8999,5201.6001,3509
2026-03-04 22:00:00-05:00,5201.7002,5204.2998,5187.2998,5189.5,2226
2026-03-04 23:00:00-05:00,5189.3999,5195.8999,5175.2002,5179.7002,1907
2026-03-05 00:00:00-05:00,5181.0,5185.8999,5156.8999,5157.7002,2764
2026-03-05 01:00:00-05:00,5157.8999,5177.5,5129.0,5176.5,6396
2026-03-05 02:00:00-05:00,5175.8999,5181.7998,5168.0,5171.3999,3259
2026-03-05 03:00:00-05:00,5171.1001,5180.1001,5146.2002,5176.0,5568
2026-03-05 04:00:00-05:00,5175.8999,5192.5,5162.7002,5171.7998,5482
2026-03-05 05:00:00-05:00,5171.1001,5178.5,5156.8999,5175.6001,4286
2026-03-05 06:00:00-05:00,5175.5,5178.5,5168.0,5174.7998,2856
2026-03-05 07:00:00-05:00,5175.1001,5182.7002,5171.5,5173.0,3060
2026-03-05 08:00:00-05:00,5173.6001,5174.8999,5085.5,5126.5,23141
2026-03-05 09:00:00-05:00,5126.7998,5139.2002,5099.2002,5110.7998,13906
2026-03-05 10:00:00-05:00,5110.7002,5128.5,5065.5,5111.2998,17528
2026-03-05 11:00:00-05:00,5111.7998,5113.5,5062.3999,5086.5,9934
2026-03-05 12:00:00-05:00,5086.6001,5098.5,5063.5,5071.2002,8948
2026-03-05 13:00:00-05:00,5071.0,5094.6001,5058.8999,5077.6001,10075
2026-03-05 14:00:00-05:00,5077.6001,5089.7002,5063.5,5074.6001,3501
2026-03-05 15:00:00-05:00,5074.2998,5104.3999,5071.2002,5086.6001,6153
2026-03-05 16:00:00-05:00,5086.2998,5094.6001,5082.0,5093.2998,1924
2026-03-05 18:00:00-05:00,5099.7002,5119.2002,5092.2002,5095.6001,0
2026-03-05 19:00:00-05:00,5095.5,5101.0,5082.8999,5092.5,2352
2026-03-05 20:00:00-05:00,5092.3999,5151.2998,5074.0,5142.1001,6771
2026-03-05 21:00:00-05:00,5142.0,5145.8999,5129.7998,5133.8999,3466
2026-03-05 22:00:00-05:00,5134.7998,5149.7998,5132.1001,5139.8999,2568
2026-03-05 23:00:00-05:00,5139.8999,5145.2002,5135.0,5137.2002,1108
2026-03-06 00:00:00-05:00,5136.0,5138.8999,5122.8999,5126.6001,2591
2026-03-06 01:00:00-05:00,5126.1001,5131.8999,5118.7002,5124.8999,2240
2026-03-06 02:00:00-05:00,5124.7002,5129.3999,5114.0,5128.2002,4297
2026-03-06 03:00:00-05:00,5128.0,5132.2998,5104.5,5116.7002,3493
2026-03-06 04:00:00-05:00,5117.6001,5117.7998,5091.3999,5093.5,5714
2026-03-06 05:00:00-05:00,5094.5,5102.0,5084.2002,5099.8999,4786
2026-03-06 06:00:00-05:00,5100.7002,5109.6001,5071.0,5086.1001,5176
2026-03-06 07:00:00-05:00,5086.2998,5105.7998,5085.2998,5091.8999,4662
2026-03-06 08:00:00-05:00,5091.6001,5140.0,5073.8999,5093.7998,17370
2026-03-06 09:00:00-05:00,5093.2002,5142.3999,5089.8999,5139.2998,15352
2026-03-06 10:00:00-05:00,5139.2998,5182.0,5137.3999,5151.2002,22227
2026-03-06 11:00:00-05:00,5151.7002,5163.0,5136.0,5149.5,9094
2026-03-06 12:00:00-05:00,5150.1001,5162.7998,5138.7002,5150.2002,6214
2026-03-06 13:00:00-05:00,5149.8999,5176.5,5147.8999,5170.2998,15790
2026-03-06 14:00:00-05:00,5170.3999,5183.7998,5165.2002,5168.5,3745
2026-03-06 15:00:00-05:00,5168.2002,5171.2002,5157.5,5161.3999,4144
2026-03-06 16:00:00-05:00,5161.1001,5185.0,5158.7002,5158.7002,2451
2026-03-08 18:00:00-04:00,5165.5,5180.0,5113.5,5138.5,5619
2026-03-08 19:00:00-04:00,5140.2998,5145.5,5050.0,5083.3999,10158
2026-03-08 20:00:00-04:00,5083.1001,5088.8999,5035.5,5056.8999,8311
2026-03-08 21:00:00-04:00,5056.7002,5094.3999,5021.2002,5077.6001,9663
2026-03-08 22:00:00-04:00,5076.3999,5105.7998,5061.8999,5100.8999,7592
2026-03-08 23:00:00-04:00,5101.2998,5109.1001,5087.6001,5098.0,3367
2026-03-09 00:00:00-04:00,5098.0,5103.3999,5091.2998,5096.3999,1201
2026-03-09 01:00:00-04:00,5096.6001,5147.6001,5087.1001,5131.6001,5859
2026-03-09 02:00:00-04:00,5131.3999,5141.7002,5103.6001,5104.7998,4276
2026-03-09 03:00:00-04:00,5104.7998,5115.2002,5095.3999,5106.7002,5055
2026-03-09 04:00:00-04:00,5106.7998,5118.7002,5094.8999,5104.3999,4532
2026-03-09 05:00:00-04:00,5104.1001,5140.5,5102.7998,5114.2998,7308
2026-03-09 06:00:00-04:00,5114.0,5119.7998,5090.8999,5094.7998,6702
2026-03-09 07:00:00-04:00,5094.7998,5104.7998,5086.5,5095.7002,5633
2026-03-09 08:00:00-04:00,5096.2002,5120.5,5096.2002,5103.1001,7251
2026-03-09 09:00:00-04:00,5103.1001,5119.5,5075.0,5081.5,13198
2026-03-09 10:00:00-04:00,5081.1001,5124.7002,5066.8999,5102.6001,14107
2026-03-09 11:00:00-04:00,5102.2002,5112.0,5087.7998,5108.5,11683
2026-03-09 12:00:00-04:00,5108.1001,5119.7002,5103.1001,5113.1001,7788
2026-03-09 13:00:00-04:00,5113.2002,5115.5,5097.7002,5104.8999,10656
2026-03-09 14:00:00-04:00,5104.8999,5136.7002,5101.6001,5133.2002,7471
2026-03-09 15:00:00-04:00,5133.2998,5154.7002,5128.2998,5150.5,7655
2026-03-09 16:00:00-04:00,5150.8999,5158.0,5143.7002,5148.7002,2478
2026-03-09 18:00:00-04:00,5152.3999,5163.0,5127.1001,5162.1001,0
2026-03-09 19:00:00-04:00,5161.8999,5165.6001,5145.6001,5149.7998,2256
2026-03-09 20:00:00-04:00,5149.2998,5151.1001,5134.7998,5140.2002,2782
2026-03-09 21:00:00-04:00,5140.2998,5195.2002,5134.0,5193.2002,8128
2026-03-09 22:00:00-04:00,5192.7998,5195.7998,5172.1001,5174.2998,4886
2026-03-09 23:00:00-04:00,5173.7998,5181.8999,5163.0,5166.3999,2788
2026-03-10 00:00:00-04:00,5165.2998,5175.2998,5162.3999,5172.1001,1931
2026-03-10 01:00:00-04:00,5172.5,5188.2002,5172.3999,5186.7002,1828
2026-03-10 02:00:00-04:00,5187.2998,5190.0,5180.7002,5183.6001,2357
2026-03-10 03:00:00-04:00,5184.1001,5191.2998,5167.2998,5190.5,4821
2026-03-10 04:00:00-04:00,5190.6001,5204.0,5184.5,5192.5,7353
2026-03-10 05:00:00-04:00,5192.6001,5198.3999,5189.7002,5191.7998,3962
2026-03-10 06:00:00-04:00,5191.5,5193.2998,5165.6001,5186.6001,6475
2026-03-10 07:00:00-04:00,5186.6001,5201.1001,5180.8999,5184.2002,6776
2026-03-10 08:00:00-04:00,5184.6001,5198.8999,5171.3999,5196.5,6641
2026-03-10 09:00:00-04:00,5196.2002,5238.8999,5194.8999,5214.2002,23344
2026-03-10 10:00:00-04:00,5215.3999,5224.0,5193.6001,5215.7998,16453
2026-03-10 11:00:00-04:00,5216.0,5248.7002,5212.0,5238.0,16210
2026-03-10 12:00:00-04:00,5238.1001,5245.1001,5232.2002,5236.8999,10769
2026-03-10 13:00:00-04:00,5236.8999,5244.5,5232.6001,5237.1001,13336
2026-03-10 14:00:00-04:00,5237.0,5237.2998,5169.0,5200.0,14491
2026-03-10 15:00:00-04:00,5200.2998,5216.5,5188.7002,5207.0,5803
2026-03-10 16:00:00-04:00,5206.7002,5207.7002,5198.5,5198.7002,1622
2026-03-10 18:00:00-04:00,5194.0,5206.2002,5191.2998,5196.7002,0
2026-03-10 19:00:00-04:00,5197.2002,5206.0,5195.2002,5204.8999,1487
2026-03-10 20:00:00-04:00,5205.0,5227.0,5194.0,5223.1001,3771
2026-03-10 21:00:00-04:00,5223.0,5230.8999,5215.8999,5215.8999,3201
2026-03-10 22:00:00-04:00,5215.8999,5228.7002,5202.0,5225.3999,3951
2026-03-10 23:00:00-04:00,5225.5,5228.5,5207.5,5211.1001,2384
2026-03-11 00:00:00-04:00,5211.5,5217.1001,5207.8999,5212.7998,1413
2026-03-11 01:00:00-04:00,5212.5,5216.7998,5197.7998,5207.6001,2569
2026-03-11 02:00:00-04:00,5207.2002,5218.3999,5199.6001,5205.7998,2806
2026-03-11 03:00:00-04:00,5205.0,5209.7998,5192.1001,5203.7002,5248
2026-03-11 04:00:00-04:00,5203.2998,5206.7002,5183.2998,5195.2002,5657
2026-03-11 05:00:00-04:00,5194.8999,5205.1001,5187.1001,5195.7002,4462
2026-03-11 06:00:00-04:00,5195.7998,5203.0,5184.7998,5194.1001,4926
2026-03-11 07:00:00-04:00,5194.2998,5201.1001,5182.2998,5189.2002,4825
2026-03-11 08:00:00-04:00,5188.7002,5207.5,5172.0,5175.1001,9448
2026-03-11 09:00:00-04:00,5174.7002,5191.1001,5155.8999,5184.2998,14343
2026-03-11 10:00:00-04:00,5184.0,5204.2998,5181.7998,5190.7998,13639
2026-03-11 11:00:00-04:00,5190.7002,5193.7998,5169.8999,5173.3999,10146
2026-03-11 12:00:00-04:00,5173.3999,5185.5,5170.7998,5183.1001,6393
2026-03-11 13:00:00-04:00,5183.2998,5188.5,5158.3999,5176.6001,20090
2026-03-11 14:00:00-04:00,5176.6001,5186.2998,5176.2002,5180.1001,3915
2026-03-11 15:00:00-04:00,5180.2002,5191.2002,5176.8999,5191.0,2266
2026-03-11 16:00:00-04:00,5190.7998,5191.5,5182.8999,5183.8999,0
2026-03-11 18:00:00-04:00,5185.3999,5189.7998,5135.0,5144.7998,3397
2026-03-11 19:00:00-04:00,5144.5,5163.8999,5138.7998,5140.0,2955
2026-03-11 20:00:00-04:00,5139.3999,5168.0,5130.0,5158.1001,4338
2026-03-11 21:00:00-04:00,5158.2002,5178.3999,5156.2002,5174.3999,4479
2026-03-11 22:00:00-04:00,5173.7002,5180.6001,5150.5,5156.0,4453
2026-03-11 23:00:00-04:00,5155.7002,5160.5,5152.0,5158.2002,2543
2026-03-12 00:00:00-04:00,5158.3999,5159.2002,5145.2998,5147.3999,1775
2026-03-12 01:00:00-04:00,5147.6001,5162.5,5142.0,5159.7002,2469
2026-03-12 02:00:00-04:00,5159.6001,5176.2002,5152.7002,5172.6001,3128
2026-03-12 03:00:00-04:00,5171.8999,5190.8999,5170.2998,5188.3999,4092
2026-03-12 04:00:00-04:00,5188.2002,5195.8999,5181.3999,5184.3999,4195
2026-03-12 05:00:00-04:00,5184.6001,5196.2002,5179.7998,5194.2002,4448
2026-03-12 06:00:00-04:00,5194.1001,5197.7998,5181.7998,5188.2002,4975
2026-03-12 07:00:00-04:00,5187.8999,5189.6001,5178.6001,5184.7998,2449
2026-03-12 08:00:00-04:00,5185.0,5192.2998,5168.5,5187.7002,7942
2026-03-12 09:00:00-04:00,5187.5,5192.5,5152.1001,5157.3999,12991
2026-03-12 10:00:00-04:00,5157.0,5170.2002,5144.2002,5148.7998,10328
2026-03-12 11:00:00-04:00,5148.6001,5150.8999,5114.6001,5138.0,16059
2026-03-12 12:00:00-04:00,5138.1001,5144.2998,5126.7998,5130.1001,10170
2026-03-12 13:00:00-04:00,5129.8999,5136.5,5109.0,5112.3999,13911
2026-03-12 14:00:00-04:00,5111.8999,5119.5,5095.2998,5100.0,6878
2026-03-12 15:00:00-04:00,5100.2002,5102.8999,5084.5,5091.7002,7030
2026-03-12 16:00:00-04:00,5092.0,5097.6001,5058.2002,5084.1001,8251
2026-03-12 18:00:00-04:00,5084.0,5099.2998,5074.6001,5099.1001,0
2026-03-12 19:00:00-04:00,5099.6001,5104.3999,5092.6001,5101.5,2764
2026-03-12 20:00:00-04:00,5101.0,5118.1001,5100.3999,5116.6001,3464
2026-03-12 21:00:00-04:00,5116.7002,5128.5,5111.3999,5128.5,7335
2026-03-12 22:00:00-04:00,5127.8999,5132.3999,5113.7002,5115.3999,3702
2026-03-12 23:00:00-04:00,5115.7998,5120.0,5109.3999,5119.2002,2329
2026-03-13 00:00:00-04:00,5118.8999,5121.1001,5105.5,5107.1001,2037
2026-03-13 01:00:00-04:00,5107.3999,5114.8999,5100.6001,5106.2002,4068
2026-03-13 02:00:00-04:00,5106.1001,5111.2998,5088.6001,5092.2002,5385
2026-03-13 03:00:00-04:00,5092.2002,5098.2998,5075.5,5089.5,5635
2026-03-13 04:00:00-04:00,5089.7998,5092.7998,5066.0,5092.2002,6613
2026-03-13 05:00:00-04:00,5092.2998,5101.8999,5087.8999,5094.2998,4103
2026-03-13 06:00:00-04:00,5094.0,5103.3999,5085.0,5099.6001,4561
2026-03-13 07:00:00-04:00,5099.8999,5112.8999,5091.1001,5112.8999,4828
2026-03-13 08:00:00-04:00,5113.0,5128.5,5109.7998,5124.3999,7661
2026-03-13 09:00:00-04:00,5124.6001,5127.8999,5102.1001,5107.5,8918
2026-03-13 10:00:00-04:00,5107.1001,5114.1001,5039.2998,5045.7998,17577
2026-03-13 11:00:00-04:00,5045.8999,5076.2002,5032.2002,5039.1001,20600
2026-03-13 12:00:00-04:00,5038.7998,5057.0,5022.7998,5050.6001,13963
2026-03-13 13:00:00-04:00,5050.1001,5068.1001,5047.5,5050.8999,9916
2026-03-13 14:00:00-04:00,5050.7998,5056.0,5040.7002,5050.8999,4572
2026-03-13 15:00:00-04:00,5050.8999,5054.2002,5014.1001,5022.0,8977
2026-03-13 16:00:00-04:00,5022.2998,5030.0,5017.0,5023.1001,4024
2026-03-15 18:00:00-04:00,5027.6001,5029.8999,5003.0,5028.7998,3121
2026-03-15 19:00:00-04:00,5028.0,5030.0,4970.1001,5000.6001,6451
2026-03-15 20:00:00-04:00,5001.1001,5035.3999,5000.0,5030.3999,5504
2026-03-15 21:00:00-04:00,5031.5,5031.5,4986.0,5020.0,6495
2026-03-15 22:00:00-04:00,5019.3999,5022.7002,5001.3999,5006.6001,2954
2026-03-15 23:00:00-04:00,5007.2002,5024.2998,5001.3999,5022.5,2353
2026-03-16 00:00:00-04:00,5023.2002,5030.1001,5016.0,5016.5,1556
2026-03-16 01:00:00-04:00,5016.3999,5024.0,5006.8999,5021.1001,2199
2026-03-16 02:00:00-04:00,5021.0,5039.7998,5008.5,5016.2002,5219
2026-03-16 03:00:00-04:00,5016.1001,5020.0,4992.8999,4998.8999,6856
2026-03-16 04:00:00-04:00,4998.7002,5008.0,4988.2002,4995.0,8068
2026-03-16 05:00:00-04:00,4994.1001,4995.6001,4976.5,4979.3999,9581
2026-03-16 06:00:00-04:00,4979.7002,5005.2998,4973.5,5004.2002,7860
2026-03-16 07:00:00-04:00,5004.2998,5028.2002,4996.7998,5001.8999,9349
2026-03-16 08:00:00-04:00,5001.7002,5033.5,4999.5,5024.8999,13053
2026-03-16 09:00:00-04:00,5025.3999,5041.2998,5018.7998,5035.7002,12908
2026-03-16 10:00:00-04:00,5035.7998,5044.5,4992.1001,5000.7998,16157
2026-03-16 11:00:00-04:00,5000.3999,5010.8999,4988.5,4991.8999,14779
2026-03-16 12:00:00-04:00,4991.5,5004.2002,4978.6001,4995.8999,9464
2026-03-16 13:00:00-04:00,4996.1001,5009.6001,4989.5,4996.7002,8491
2026-03-16 14:00:00-04:00,4997.0,5024.0,4995.7998,5018.8999,5640
2026-03-16 15:00:00-04:00,5018.7002,5026.5,5014.0,5019.2998,4156
2026-03-16 16:00:00-04:00,5018.8999,5028.0,5010.7998,5011.2998,2408
2026-03-16 18:00:00-04:00,5012.2002,5021.8999,5003.8999,5007.6001,0
2026-03-16 19:00:00-04:00,5007.2002,5021.0,5007.0,5018.0,1282
2026-03-16 20:00:00-04:00,5018.0,5019.2998,5002.2998,5007.1001,1875
2026-03-16 21:00:00-04:00,5006.2998,5032.7002,4998.7002,5032.1001,3693
2026-03-16 22:00:00-04:00,5032.2998,5034.1001,5024.1001,5026.2002,1783
2026-03-16 23:00:00-04:00,5026.0,5037.5,5024.2002,5030.2998,1698
2026-03-17 00:00:00-04:00,5031.1001,5046.7002,5030.1001,5042.3999,2344
2026-03-17 01:00:00-04:00,5043.1001,5049.3999,5024.2998,5024.5,4025
2026-03-17 02:00:00-04:00,5025.2998,5027.0,5009.0,5013.8999,5001
2026-03-17 03:00:00-04:00,5013.7002,5031.8999,5013.0,5025.0,4682
2026-03-17 04:00:00-04:00,5025.2002,5033.5,5022.2998,5029.0,4513
2026-03-17 05:00:00-04:00,5029.2002,5030.2998,5014.3999,5014.7002,4778
2026-03-17 06:00:00-04:00,5014.7002,5020.7002,4994.7998,5004.3999,8149
2026-03-17 07:00:00-04:00,5004.0,5016.1001,5001.0,5007.2998,4130
2026-03-17 08:00:00-04:00,5007.0,5029.0,5003.2998,5016.2998,8058
2026-03-17 09:00:00-04:00,5016.6001,5036.7002,5010.6001,5021.8999,12007
2026-03-17 10:00:00-04:00,5021.6001,5026.5,5007.2002,5012.5,8055
2026-03-17 11:00:00-04:00,5011.8999,5022.2002,4977.0,5002.6001,16059
2026-03-17 12:00:00-04:00,5002.5,5010.2998,4995.6001,5006.3999,6952
2026-03-17 13:00:00-04:00,5006.5,5013.7002,5001.0,5007.0,7244
2026-03-17 14:00:00-04:00,5007.3999,5013.5,5003.8999,5007.5,2777
2026-03-17 15:00:00-04:00,5007.1001,5009.3999,5000.3999,5005.1001,3302
2026-03-17 16:00:00-04:00,5004.8999,5011.6001,5004.7002,5011.2998,1693
2026-03-17 18:00:00-04:00,5010.6001,5011.2002,4996.8999,5003.6001,0
2026-03-17 19:00:00-04:00,5003.3999,5007.8999,5002.2002,5006.6001,587
2026-03-17 20:00:00-04:00,5006.6001,5017.2998,5004.7002,5008.3999,3174
2026-03-17 21:00:00-04:00,5008.8999,5022.0,4994.2998,5002.2002,5126
2026-03-17 22:00:00-04:00,5002.2002,5010.7002,4993.0,4994.8999,2187
2026-03-17 23:00:00-04:00,4994.8999,5000.8999,4988.5,4992.7002,2088
2026-03-18 00:00:00-04:00,4994.5,4997.0,4984.8999,4989.8999,2579
2026-03-18 01:00:00-04:00,4990.3999,5006.2002,4987.7002,5001.1001,3782
2026-03-18 02:00:00-04:00,5000.3999,5020.5,4999.6001,5013.7998,4444
2026-03-18 03:00:00-04:00,5014.1001,5019.3999,4994.7002,4999.1001,3934
2026-03-18 04:00:00-04:00,4999.0,5001.7002,4981.1001,4990.7002,10728
2026-03-18 05:00:00-04:00,4991.1001,5000.0,4988.7002,4996.3999,4026
2026-03-18 06:00:00-04:00,4996.2998,4996.3999,4962.6001,4971.7002,11330
2026-03-18 07:00:00-04:00,4971.7002,4977.7002,4928.0,4933.2998,18535
2026-03-18 08:00:00-04:00,4933.8999,4935.8999,4873.0,4884.3999,30884
2026-03-18 09:00:00-04:00,4884.0,4889.2002,4837.1001,4881.7998,30042
2026-03-18 10:00:00-04:00,4881.8999,4899.0,4859.3999,4873.1001,14620
2026-03-18 11:00:00-04:00,4872.8999,4883.6001,4864.5,4866.2998,8080
2026-03-18 12:00:00-04:00,4866.2002,4894.7998,4864.7002,4891.2002,7334
2026-03-18 13:00:00-04:00,4891.3999,4904.0,4888.1001,4895.1001,10551
2026-03-18 14:00:00-04:00,4895.2002,4904.5,4856.2002,4857.2998,12095
2026-03-18 15:00:00-04:00,4856.8999,4868.8999,4841.3999,4846.7998,11113
2026-03-18 16:00:00-04:00,4846.5,4852.1001,4809.2998,4823.8999,7915
2026-03-18 18:00:00-04:00,4828.0,4842.0,4806.0,4837.1001,0
2026-03-18 19:00:00-04:00,4836.5,4845.0,4830.5,4839.2002,1937
2026-03-18 20:00:00-04:00,4838.3999,4850.7998,4837.6001,4842.6001,2707
2026-03-18 21:00:00-04:00,4842.2998,4868.7002,4833.7002,4851.2998,5558
2026-03-18 22:00:00-04:00,4851.2002,4863.3999,4842.6001,4859.5,2784
2026-03-18 23:00:00-04:00,4859.7998,4867.3999,4852.2998,4852.7002,2038
2026-03-19 00:00:00-04:00,4852.3999,4855.2002,4847.0,4851.7998,1193
2026-03-19 01:00:00-04:00,4851.5,4855.7002,4828.1001,4829.2002,4298
2026-03-19 02:00:00-04:00,4829.1001,4844.2002,4749.0,4765.2002,14291
2026-03-19 03:00:00-04:00,4765.2998,4786.0,4727.2998,4729.6001,11354
2026-03-19 04:00:00-04:00,4729.2998,4742.2002,4688.0,4710.6001,16114
2026-03-19 05:00:00-04:00,4711.2002,4728.1001,4690.2998,4701.1001,12786
2026-03-19 06:00:00-04:00,4700.6001,4722.0,4669.3999,4681.8999,16441
2026-03-19 07:00:00-04:00,4682.2998,4702.7002,4652.3999,4654.3999,16882
2026-03-19 08:00:00-04:00,4654.8999,4657.0,4533.1001,4577.2998,40229
2026-03-19 09:00:00-04:00,4576.1001,4625.0,4505.0,4624.0,41771
2026-03-19 10:00:00-04:00,4624.8999,4651.7998,4583.3999,4603.5,29577
2026-03-19 11:00:00-04:00,4603.2002,4641.7002,4566.0,4598.2998,20907
2026-03-19 12:00:00-04:00,4598.0,4628.0,4579.2002,4587.1001,13233
2026-03-19 13:00:00-04:00,4587.2002,4633.2998,4576.7002,4618.7998,14104
2026-03-19 14:00:00-04:00,4619.2998,4626.2998,4598.7002,4625.7998,7156
2026-03-19 15:00:00-04:00,4625.7998,4666.8999,4625.7998,4647.8999,14104
2026-03-19 16:00:00-04:00,4647.5,4664.7002,4646.0,4651.8999,3483
2026-03-19 18:00:00-04:00,4653.8999,4679.5,4638.0,4638.1001,0
2026-03-19 19:00:00-04:00,4638.7002,4650.0,4635.7998,4645.5,2093
2026-03-19 20:00:00-04:00,4645.5,4666.6001,4643.8999,4649.5,3039
2026-03-19 21:00:00-04:00,4649.6001,4701.5,4640.5,4679.1001,8676
2026-03-19 22:00:00-04:00,4680.0,4704.5,4672.2002,4699.2998,5110
2026-03-19 23:00:00-04:00,4698.8999,4738.2002,4694.3999,4725.2002,5710
2026-03-20 00:00:00-04:00,4726.2998,4728.0,4715.5,4722.0,2676
2026-03-20 01:00:00-04:00,4722.0,4724.1001,4686.7998,4689.8999,5495
2026-03-20 02:00:00-04:00,4690.0,4702.6001,4661.6001,4670.2998,7131
2026-03-20 03:00:00-04:00,4669.8999,4709.0,4668.7998,4707.2002,6768
2026-03-20 04:00:00-04:00,4707.7002,4736.2998,4685.2002,4695.1001,11543
2026-03-20 05:00:00-04:00,4694.5,4701.7998,4660.5,4668.3999,7183
2026-03-20 06:00:00-04:00,4668.2998,4670.5,4639.1001,4646.3999,10086
2026-03-20 07:00:00-04:00,4645.7998,4676.0,4638.2002,4673.3999,7046
2026-03-20 08:00:00-04:00,4673.3999,4696.8999,4662.7998,4679.0,11455
2026-03-20 09:00:00-04:00,4679.3999,4680.5,4613.1001,4617.0,19865
2026-03-20 10:00:00-04:00,4617.1001,4623.2002,4547.6001,4564.8999,26207
2026-03-20 11:00:00-04:00,4564.5,4582.3999,4542.1001,4555.2998,16663
2026-03-20 12:00:00-04:00,4554.8999,4616.2998,4554.0,4585.2998,16772
2026-03-20 13:00:00-04:00,4585.6001,4602.5,4556.7002,4575.8999,13556
2026-03-20 14:00:00-04:00,4576.1001,4580.5,4478.3999,4500.7002,16249
2026-03-20 15:00:00-04:00,4501.2998,4518.7002,4487.3999,4503.7998,10062
2026-03-20 16:00:00-04:00,4503.5,4516.6001,4492.0,4496.2998,3848
2026-03-22 18:00:00-04:00,4511.7002,4537.1001,4490.0,4498.1001,5750
2026-03-22 19:00:00-04:00,4499.2998,4511.2002,4453.2002,4465.8999,7327
2026-03-22 20:00:00-04:00,4466.2002,4474.7998,4322.0,4356.3999,23933
2026-03-22 21:00:00-04:00,4357.7002,4455.0,4330.0,4390.0,16646
2026-03-22 22:00:00-04:00,4389.3999,4423.7998,4356.0,4362.2998,12129
2026-03-22 23:00:00-04:00,4362.0,4379.3999,4337.5,4355.2998,8729
2026-03-23 00:00:00-04:00,4355.8999,4385.0,4353.2002,4370.8999,6159
2026-03-23 01:00:00-04:00,4370.5,4383.2002,4305.5,4314.1001,11549
2026-03-23 02:00:00-04:00,4313.7998,4317.1001,4166.0,4225.1001,34076
2026-03-23 03:00:00-04:00,4224.7998,4233.7998,4100.0,4205.7002,32362
2026-03-23 04:00:00-04:00,4206.5,4273.2998,4203.6001,4251.7002,21649
2026-03-23 05:00:00-04:00,4252.6001,4310.2998,4224.1001,4254.5,18698
2026-03-23 06:00:00-04:00,4254.7002,4283.0,4241.7998,4270.0,10208
2026-03-23 07:00:00-04:00,4270.3999,4466.2998,4270.1001,4379.2002,33188
2026-03-23 08:00:00-04:00,4380.1001,4495.5,4338.0,4480.6001,21627
2026-03-23 09:00:00-04:00,4481.6001,4489.0,4404.0,4457.6001,23269
2026-03-23 10:00:00-04:00,4457.6001,4516.5,4455.8999,4463.5,23762
2026-03-23 11:00:00-04:00,4464.3999,4488.8999,4350.7998,4365.6001,25658
2026-03-23 12:00:00-04:00,4364.1001,4394.0,4354.1001,4378.1001,15172
2026-03-23 13:00:00-04:00,4378.0,4441.5,4372.7002,4428.7998,18047
2026-03-23 14:00:00-04:00,4428.8999,4469.5,4404.7998,4451.0,6833
2026-03-23 15:00:00-04:00,4451.6001,4452.5,4394.6001,4401.5,9241
2026-03-23 16:00:00-04:00,4400.7002,4416.1001,4385.0,4410.3999,2491
2026-03-23 18:00:00-04:00,4414.7998,4433.7998,4363.5,4429.8999,0
2026-03-23 19:00:00-04:00,4428.7002,4450.5,4424.0,4442.7998,3190
2026-03-23 20:00:00-04:00,4442.7002,4448.3999,4329.0,4366.8999,7677
2026-03-23 21:00:00-04:00,4366.6001,4376.8999,4309.2002,4323.3999,9231
2026-03-23 22:00:00-04:00,4323.1001,4380.1001,4306.2998,4366.8999,6621
2026-03-23 23:00:00-04:00,4367.1001,4368.6001,4335.3999,4346.7998,3073
2026-03-24 00:00:00-04:00,4347.3999,4357.7002,4327.0,4334.0,2581
2026-03-24 01:00:00-04:00,4334.5,4375.3999,4319.8999,4349.5,6232
2026-03-24 02:00:00-04:00,4348.8999,4406.7002,4345.5,4403.7998,6113
2026-03-24 03:00:00-04:00,4402.5,4437.6001,4401.0,4420.2002,8472
2026-03-24 04:00:00-04:00,4420.1001,4423.6001,4392.7002,4413.5,8800
2026-03-24 05:00:00-04:00,4413.1001,4432.2002,4397.2998,4427.7002,6689
2026-03-24 06:00:00-04:00,4428.0,4442.8999,4415.2002,4439.7002,7584
2026-03-24 07:00:00-04:00,4438.8999,4443.2002,4372.3999,4408.0,14144
2026-03-24 08:00:00-04:00,4408.2002,4427.6001,4361.7002,4378.7002,15189
2026-03-24 09:00:00-04:00,4379.0,4390.7002,4350.3999,4382.5,20103
2026-03-24 10:00:00-04:00,4381.0,4435.0,4380.3999,4416.2998,17194
2026-03-24 11:00:00-04:00,4415.7998,4431.2002,4396.5,4412.7998,14146
2026-03-24 12:00:00-04:00,4412.3999,4428.8999,4403.7002,4422.2002,11557
2026-03-24 13:00:00-04:00,4422.2002,4427.6001,4372.2002,4388.2998,13794
2026-03-24 14:00:00-04:00,4388.2998,4424.5,4383.6001,4390.8999,7903
2026-03-24 15:00:00-04:00,4390.0,4411.8999,4389.3999,4400.8999,3568
2026-03-24 16:00:00-04:00,4400.7998,4485.6001,4397.7002,4474.8999,9429
2026-03-24 18:00:00-04:00,4473.5,4492.2998,4458.2002,4487.7002,0
2026-03-24 19:00:00-04:00,4487.5,4555.0,4475.3999,4549.2002,9333
2026-03-24 20:00:00-04:00,4549.0,4572.7998,4540.5,4564.8999,10775
2026-03-24 21:00:00-04:00,4564.7998,4600.0,4553.2998,4593.2002,13927
2026-03-24 22:00:00-04:00,4593.2998,4601.0,4578.2998,4581.8999,9213
2026-03-24 23:00:00-04:00,4581.5,4584.3999,4566.1001,4567.7998,6076
2026-03-25 00:00:00-04:00,4568.5,4573.2002,4563.8999,4571.2002,3077
2026-03-25 01:00:00-04:00,4571.1001,4572.0,4546.7002,4555.0,5910
2026-03-25 02:00:00-04:00,4555.0,4556.1001,4532.5,4543.7998,7617
2026-03-25 03:00:00-04:00,4543.8999,4561.7998,4536.7002,4539.0,9557
2026-03-25 04:00:00-04:00,4539.2002,4568.7002,4535.6001,4555.6001,10282
2026-03-25 05:00:00-04:00,4555.7002,4567.0,4525.7002,4550.3999,10492
2026-03-25 06:00:00-04:00,4550.7002,4561.2998,4549.5,4557.1001,6186
2026-03-25 07:00:00-04:00,4557.5,4586.2002,4554.6001,4577.3999,8361
2026-03-25 08:00:00-04:00,4577.7998,4582.5,4519.5,4542.3999,17116
2026-03-25 09:00:00-04:00,4542.7998,4575.7998,4539.2002,4543.2998,20226
2026-03-25 10:00:00-04:00,4543.2998,4577.6001,4531.2002,4565.2998,14184
2026-03-25 11:00:00-04:00,4565.2002,4567.6001,4522.0,4557.3999,17899
2026-03-25 12:00:00-04:00,4557.1001,4563.2002,4543.5,4553.3999,8289
2026-03-25 13:00:00-04:00,4553.5,4561.7002,4540.7998,4548.2002,19094
2026-03-25 14:00:00-04:00,4548.0,4566.6001,4528.2002,4535.7002,9513
2026-03-25 15:00:00-04:00,4535.0,4537.2998,4484.2998,4528.7002,12465
2026-03-25 16:00:00-04:00,4528.2998,4539.6001,4492.8999,4503.2998,4308
2026-03-25 18:00:00-04:00,4508.8999,4531.1001,4501.8999,4513.8999,0
2026-03-25 19:00:00-04:00,4513.8999,4515.2002,4485.6001,4495.2998,3598
2026-03-25 20:00:00-04:00,4495.2998,4536.6001,4495.2002,4533.2998,4567
2026-03-25 21:00:00-04:00,4533.0,4541.6001,4518.7002,4532.0,3703
2026-03-25 22:00:00-04:00,4532.2998,4532.2998,4501.8999,4505.2002,3542
2026-03-25 23:00:00-04:00,4505.1001,4515.0,4495.7998,4510.2002,2651
2026-03-26 00:00:00-04:00,4513.2998,4520.8999,4508.0,4516.8999,1749
2026-03-26 01:00:00-04:00,4517.0,4518.7002,4434.8999,4435.0,9488
2026-03-26 02:00:00-04:00,4434.7002,4456.3999,4412.1001,4452.8999,10332
2026-03-26 03:00:00-04:00,4453.1001,4460.5,4434.2998,4449.3999,8135
2026-03-26 04:00:00-04:00,4448.7002,4456.0,4409.2998,4424.7998,11850
2026-03-26 05:00:00-04:00,4425.3999,4434.1001,4412.1001,4421.2998,10331
2026-03-26 06:00:00-04:00,4421.1001,4445.2998,4414.6001,4440.2002,11194
2026-03-26 07:00:00-04:00,4440.5,4453.1001,4415.8999,4419.7002,11846
2026-03-26 08:00:00-04:00,4420.1001,4442.5,4412.7002,4426.7998,13200
2026-03-26 09:00:00-04:00,4426.5,4457.7998,4417.6001,4450.1001,21820
2026-03-26 10:00:00-04:00,4450.3999,4476.6001,4433.7002,4461.8999,21728
2026-03-26 11:00:00-04:00,4461.5,4466.1001,4429.7998,4434.0,18036
2026-03-26 12:00:00-04:00,4434.0,4438.8999,4362.7998,4385.2998,24936
2026-03-26 13:00:00-04:00,4384.8999,4398.5,4372.5,4377.6001,16206
2026-03-26 14:00:00-04:00,4377.2002,4394.5,4363.7002,4391.0,7403
2026-03-26 15:00:00-04:00,4391.7002,4395.8999,4356.3999,4361.2998,7834
2026-03-26 16:00:00-04:00,4361.1001,4416.7998,4348.2002,4376.8999,11897
2026-03-26 18:00:00-04:00,4371.7998,4409.6001,4369.1001,4406.5,0
2026-03-26 19:00:00-04:00,4404.8999,4408.5,4383.7998,4400.2998,1611
2026-03-26 20:00:00-04:00,4399.3999,4405.2998,4370.5,4374.0,1168
2026-03-26 21:00:00-04:00,4372.2998,4414.2998,4372.2998,4411.3999,1400
2026-03-26 22:00:00-04:00,4413.3999,4434.6001,4413.3999,4426.1001,959
2026-03-26 23:00:00-04:00,4427.0,4440.2002,4415.0,4432.0,565
2026-03-27 00:00:00-04:00,4431.7998,4444.2002,4426.2002,4440.8999,400
2026-03-27 01:00:00-04:00,4440.1001,4469.2998,4434.7002,4448.8999,1441
2026-03-27 02:00:00-04:00,4448.0,4466.7998,4446.0,4453.6001,803
2026-03-27 03:00:00-04:00,4453.1001,4483.2002,4441.2002,4475.2002,33353
2026-03-27 04:00:00-04:00,4475.2998,4478.2002,4451.2998,4452.1001,7884
2026-03-27 05:00:00-04:00,4452.0,4466.2002,4448.2998,4457.2002,5874
2026-03-27 06:00:00-04:00,4457.2002,4461.0,4438.6001,4442.7998,8464
2026-03-27 07:00:00-04:00,4443.2998,4453.7002,4432.2002,4447.5,9076
2026-03-27 08:00:00-04:00,4447.6001,4472.3999,4439.7998,4465.3999,9804
2026-03-27 09:00:00-04:00,4465.5,4471.2002,4441.0,4458.6001,16557
2026-03-27 10:00:00-04:00,4460.5,4545.5,4459.0,4540.1001,25591
2026-03-27 11:00:00-04:00,4540.2998,4585.2998,4531.6001,4554.3999,26505
2026-03-27 12:00:00-04:00,4554.6001,4563.7998,4535.7998,4546.5,15121
2026-03-27 13:00:00-04:00,4546.5,4552.7002,4515.0,4515.5,16961
2026-03-27 14:00:00-04:00,4515.7998,4558.2998,4515.7998,4546.1001,6919
2026-03-27 15:00:00-04:00,4547.1001,4555.2002,4529.3999,4543.1001,6096
2026-03-27 16:00:00-04:00,4543.5,4549.2998,4518.8999,4520.5,4381
2026-03-29 18:00:00-04:00,4510.1001,4538.8999,4506.2998,4512.2998,3976
2026-03-29 19:00:00-04:00,4513.3999,4521.1001,4472.0,4476.8999,5868
2026-03-29 20:00:00-04:00,4477.0,4494.2002,4444.7002,4461.2002,9172
2026-03-29 21:00:00-04:00,4460.6001,4506.3999,4460.2998,4498.5,7258
2026-03-29 22:00:00-04:00,4498.7998,4528.7002,4487.7998,4510.8999,4454
2026-03-29 23:00:00-04:00,4510.3999,4548.0,4508.1001,4528.1001,4735
2026-03-30 00:00:00-04:00,4526.5,4528.5,4514.8999,4526.7998,2521
2026-03-30 01:00:00-04:00,4526.7998,4557.3999,4526.6001,4551.5,3925
2026-03-30 02:00:00-04:00,4551.6001,4579.2002,4545.7002,4560.0,6036
2026-03-30 03:00:00-04:00,4559.6001,4562.7998,4543.2998,4555.2002,5488
2026-03-30 04:00:00-04:00,4555.1001,4569.0,4552.7002,4566.8999,5381
2026-03-30 05:00:00-04:00,4566.6001,4569.3999,4551.2998,4562.0,5278
2026-03-30 06:00:00-04:00,4561.8999,4569.2002,4556.6001,4561.2002,3636
2026-03-30 07:00:00-04:00,4561.3999,4611.3999,4553.8999,4589.0,10657
2026-03-30 08:00:00-04:00,4589.5,4608.1001,4574.6001,4599.6001,8767
2026-03-30 09:00:00-04:00,4599.8999,4609.0,4546.7002,4553.7002,14556
2026-03-30 10:00:00-04:00,4553.2002,4571.8999,4542.0,4569.2002,12896
2026-03-30 11:00:00-04:00,4569.0,4587.1001,4554.5,4578.1001,9848
2026-03-30 12:00:00-04:00,4578.3999,4580.0,4560.1001,4569.5,6762
2026-03-30 13:00:00-04:00,4569.1001,4572.0,4540.8999,4544.7998,8393
2026-03-30 14:00:00-04:00,4545.1001,4553.1001,4528.0,4528.7998,5198
2026-03-30 15:00:00-04:00,4528.5,4548.2998,4522.7002,4543.2002,5325
2026-03-30 16:00:00-04:00,4543.7002,4547.0,4530.2002,4540.3999,1970
2026-03-30 18:00:00-04:00,4538.8999,4552.5,4530.5,4539.3999,0
2026-03-30 19:00:00-04:00,4539.1001,4550.1001,4520.7998,4542.1001,2139
2026-03-30 20:00:00-04:00,4541.3999,4577.2998,4510.0,4576.6001,7357
2026-03-30 21:00:00-04:00,4576.5,4649.5,4560.8999,4635.5,14017
2026-03-30 22:00:00-04:00,4634.7002,4637.6001,4595.7002,4597.7998,5594
2026-03-30 23:00:00-04:00,4597.5,4607.2998,4578.5,4584.8999,3694
2026-03-31 00:00:00-04:00,4585.8999,4597.7998,4585.5,4592.8999,2768
2026-03-31 01:00:00-04:00,4592.7002,4610.2002,4575.7002,4597.0,4743
2026-03-31 02:00:00-04:00,4596.7002,4596.7002,4581.3999,4586.3999,4105
2026-03-31 03:00:00-04:00,4586.8999,4596.0,4571.7998,4594.7002,5332
2026-03-31 04:00:00-04:00,4594.5,4605.5,4590.6001,4599.0,5581
2026-03-31 05:00:00-04:00,4599.2998,4602.7002,4580.1001,4585.2998,4846
2026-03-31 06:00:00-04:00,4584.7002,4591.6001,4558.8999,4576.6001,5269
2026-03-31 07:00:00-04:00,4577.5,4623.8999,4571.0,4612.7998,9904
2026-03-31 08:00:00-04:00,4613.2998,4628.0,4599.3999,4604.5,8762
2026-03-31 09:00:00-04:00,4605.3999,4640.0,4597.7998,4637.2998,14043
2026-03-31 10:00:00-04:00,4637.2002,4662.0,4625.2998,4628.7002,17099
2026-03-31 11:00:00-04:00,4629.5,4655.7998,4629.2998,4640.0,10382
2026-03-31 12:00:00-04:00,4640.1001,4682.7002,4637.5,4669.1001,11774
2026-03-31 13:00:00-04:00,4669.2002,4698.5,4667.0,4685.5,14550
2026-03-31 14:00:00-04:00,4685.0,4702.0,4684.1001,4698.2002,5652
2026-03-31 15:00:00-04:00,4698.2002,4716.2998,4691.7998,4713.2998,7286
2026-03-31 16:00:00-04:00,4713.3999,4717.6001,4695.0,4699.6001,3842
2026-03-31 18:00:00-04:00,4698.3999,4725.8999,4690.0,4709.7002,0
2026-03-31 19:00:00-04:00,4709.3999,4728.7998,4700.2998,4723.6001,2962
2026-03-31 20:00:00-04:00,4723.6001,4750.5,4721.5,4738.7998,7352
2026-03-31 21:00:00-04:00,4738.6001,4751.8999,4708.2998,4718.7998,6443
2026-03-31 22:00:00-04:00,4719.8999,4727.5,4704.5,4711.1001,4748
2026-03-31 23:00:00-04:00,4710.2998,4720.2002,4705.5,4707.0,3239
2026-04-01 00:00:00-04:00,4707.6001,4707.7002,4693.0,4702.7002,3646
2026-04-01 01:00:00-04:00,4702.8999,4730.0,4700.7998,4710.2998,5342
2026-04-01 02:00:00-04:00,4710.7998,4759.8999,4708.8999,4757.3999,9443
2026-04-01 03:00:00-04:00,4757.5,4774.2002,4735.6001,4739.3999,10019
2026-04-01 04:00:00-04:00,4739.6001,4767.5,4737.0,4755.7998,7421
2026-04-01 05:00:00-04:00,4755.7998,4757.6001,4740.0,4750.5,4366
2026-04-01 06:00:00-04:00,4750.0,4766.0,4742.3999,4758.7002,4270
2026-04-01 07:00:00-04:00,4758.2002,4791.5,4755.2002,4780.2002,7281
2026-04-01 08:00:00-04:00,4780.2002,4782.0,4752.0,4752.1001,12456
2026-04-01 09:00:00-04:00,4752.0,4776.7998,4743.2998,4765.3999,11126
2026-04-01 10:00:00-04:00,4765.2002,4796.7998,4751.2998,4788.3999,13958
2026-04-01 11:00:00-04:00,4788.7998,4816.2002,4785.2002,4814.3999,11457
2026-04-01 12:00:00-04:00,4814.2998,4818.8999,4802.1001,4815.0,5512
2026-04-01 13:00:00-04:00,4815.2002,4821.0,4800.3999,4801.3999,6303
2026-04-01 14:00:00-04:00,4801.1001,4802.6001,4768.2002,4779.5,8859
2026-04-01 15:00:00-04:00,4780.0,4804.3999,4777.6001,4791.7002,5102
2026-04-01 16:00:00-04:00,4791.7002,4797.2002,4780.0,4784.6001,1583
2026-04-01 18:00:00-04:00,4783.0,4808.1001,4776.6001,4801.1001,0
2026-04-01 19:00:00-04:00,4802.2002,4825.8999,4798.5,4808.8999,3496
2026-04-01 20:00:00-04:00,4809.2998,4823.8999,4800.0,4810.3999,4032
2026-04-01 21:00:00-04:00,4811.0,4813.3999,4675.7002,4723.7998,23580
2026-04-01 22:00:00-04:00,4723.1001,4732.2002,4683.3999,4715.1001,10428
2026-04-01 23:00:00-04:00,4714.0,4726.7998,4702.7998,4707.1001,3622
2026-04-02 00:00:00-04:00,4703.6001,4708.6001,4683.7998,4698.8999,3813
2026-04-02 01:00:00-04:00,4699.2998,4706.6001,4612.2002,4622.1001,10617
2026-04-02 02:00:00-04:00,4621.7998,4635.6001,4580.3999,4625.0,16255
2026-04-02 03:00:00-04:00,4624.5,4677.0,4623.7002,4668.2002,8174
2026-04-02 04:00:00-04:00,4668.1001,4674.5,4641.6001,4646.1001,7660
2026-04-02 05:00:00-04:00,4645.5,4657.2998,4638.2002,4647.2998,5929
2026-04-02 06:00:00-04:00,4647.5,4661.1001,4629.5,4646.7002,4593
2026-04-02 07:00:00-04:00,4647.1001,4656.7998,4618.7998,4626.2002,4927
2026-04-02 08:00:00-04:00,4626.6001,4656.5,4620.7998,4628.1001,7419
2026-04-02 09:00:00-04:00,4628.2998,4679.1001,4605.5,4672.8999,16316
2026-04-02 10:00:00-04:00,4672.7002,4726.3999,4657.6001,4707.8999,20776
2026-04-02 11:00:00-04:00,4708.3999,4710.2998,4678.5,4687.5,8983
2026-04-02 12:00:00-04:00,4686.8999,4697.8999,4668.6001,4686.5,8730
2026-04-02 13:00:00-04:00,4685.7002,4695.7998,4672.7002,4675.7002,6570
2026-04-02 14:00:00-04:00,4676.5,4699.0,4674.1001,4695.2002,2799
2026-04-02 15:00:00-04:00,4695.7998,4708.6001,4687.7998,4697.8999,3569
2026-04-02 16:00:00-04:00,4698.6001,4703.6001,4690.3999,4702.7002,1974
2026-04-05 18:00:00-04:00,4675.0,4699.2998,4634.8999,4673.6001,7570
2026-04-05 19:00:00-04:00,4673.7998,4678.3999,4631.0,4636.7998,3466
2026-04-05 20:00:00-04:00,4637.2002,4655.7002,4626.2002,4647.8999,3008
2026-04-05 21:00:00-04:00,4648.8999,4668.7002,4645.7998,4651.7998,3577
2026-04-05 22:00:00-04:00,4650.6001,4697.5,4649.7998,4673.6001,3842
2026-04-05 23:00:00-04:00,4673.1001,4673.5,4650.5,4666.2998,2820
2026-04-06 00:00:00-04:00,4665.2998,4685.2998,4665.1001,4685.1001,1481
2026-04-06 01:00:00-04:00,4684.8999,4704.3999,4677.5,4678.5,2974
2026-04-06 02:00:00-04:00,4678.7002,4693.2998,4669.2998,4691.7002,2943
2026-04-06 03:00:00-04:00,4691.8999,4714.2998,4670.2998,4710.5,3530
2026-04-06 04:00:00-04:00,4710.3999,4724.7002,4704.7002,4722.7998,3512
2026-04-06 05:00:00-04:00,4722.7998,4733.1001,4717.0,4719.8999,3164
2026-04-06 06:00:00-04:00,4720.0,4723.8999,4710.1001,4715.2998,2384
2026-04-06 07:00:00-04:00,4716.2998,4723.2002,4703.3999,4704.6001,2761
2026-04-06 08:00:00-04:00,4704.8999,4712.8999,4685.6001,4701.5,3728
2026-04-06 09:00:00-04:00,4701.7998,4708.2002,4684.5,4705.6001,6754
2026-04-06 10:00:00-04:00,4707.3999,4724.0,4686.0,4708.6001,8157
2026-04-06 11:00:00-04:00,4709.0,4709.7002,4677.3999,4693.3999,6748
2026-04-06 12:00:00-04:00,4693.5,4698.0,4683.3999,4685.6001,3375
2026-04-06 13:00:00-04:00,4685.8999,4688.6001,4671.3999,4680.6001,4920
2026-04-06 14:00:00-04:00,4680.7998,4694.0,4675.8999,4685.2002,3184
2026-04-06 15:00:00-04:00,4685.2002,4686.6001,4672.6001,4682.2002,2573
2026-04-06 16:00:00-04:00,4682.6001,4685.6001,4674.6001,4676.1001,920
2026-04-06 18:00:00-04:00,4678.6001,4694.8999,4675.6001,4685.1001,0
2026-04-06 19:00:00-04:00,4684.8999,4688.0,4677.8999,4685.8999,859
2026-04-06 20:00:00-04:00,4685.8999,4689.1001,4675.7998,4681.8999,1692
2026-04-06 21:00:00-04:00,4681.3999,4692.0,4641.3999,4651.8999,10971
2026-04-06 22:00:00-04:00,4652.2998,4679.2002,4645.0,4675.8999,3438
2026-04-06 23:00:00-04:00,4675.8999,4679.3999,4664.7002,4674.8999,1706
2026-04-07 00:00:00-04:00,4675.2002,4690.2998,4670.7998,4686.3999,2476
2026-04-07 01:00:00-04:00,4686.8999,4687.5,4648.3999,4668.0,5065
2026-04-07 02:00:00-04:00,4668.1001,4681.8999,4662.7998,4680.5,3953
2026-04-07 03:00:00-04:00,4684.7002,4684.7002,4661.6001,4671.1001,3750
2026-04-07 04:00:00-04:00,4671.2002,4717.6001,4669.6001,4709.6001,8194
2026-04-07 05:00:00-04:00,4709.7998,4721.2002,4684.0,4696.6001,8561
2026-04-07 06:00:00-04:00,4696.7998,4706.6001,4674.8999,4677.5,8402
2026-04-07 07:00:00-04:00,4677.1001,4690.0,4653.8999,4684.6001,7000
2026-04-07 08:00:00-04:00,4685.2002,4696.2998,4671.6001,4676.1001,6139
2026-04-07 09:00:00-04:00,4676.2002,4688.7998,4660.0,4668.6001,8082
2026-04-07 10:00:00-04:00,4668.5,4687.3999,4631.8999,4658.2998,16970
2026-04-07 11:00:00-04:00,4658.2998,4685.0,4650.0,4681.2998,9888
2026-04-07 12:00:00-04:00,4681.7998,4694.6001,4678.1001,4682.3999,6317
2026-04-07 13:00:00-04:00,4682.5,4712.7998,4679.3999,4701.7002,7814
2026-04-07 14:00:00-04:00,4702.2998,4712.7002,4683.0,4688.5,5367
2026-04-07 15:00:00-04:00,4688.5,4745.7002,4686.8999,4727.2998,10531
2026-04-07 16:00:00-04:00,4727.2998,4743.7002,4723.0,4733.2998,3858
2026-04-07 18:00:00-04:00,4747.2002,4847.1001,4740.5,4845.1001,0
2026-04-07 19:00:00-04:00,4844.7998,4863.5,4828.2998,4860.7002,11790
2026-04-07 20:00:00-04:00,4860.7002,4888.0,4836.8999,4845.6001,14347
2026-04-07 21:00:00-04:00,4846.7002,4854.1001,4817.2002,4838.6001,15364
2026-04-07 22:00:00-04:00,4838.5,4853.7998,4828.2002,4833.3999,5693
2026-04-07 23:00:00-04:00,4833.7998,4835.2998,4824.3999,4828.2002,3330
2026-04-08 00:00:00-04:00,4826.7998,4836.1001,4819.7998,4832.7002,3686
2026-04-08 01:00:00-04:00,4833.0,4872.2002,4829.3999,4855.5,6295
2026-04-08 02:00:00-04:00,4855.2002,4866.7998,4846.2002,4846.6001,10373
2026-04-08 03:00:00-04:00,4846.7998,4847.2998,4831.0,4839.7002,5643
2026-04-08 04:00:00-04:00,4839.8999,4846.0,4817.5,4821.7998,6574
2026-04-08 05:00:00-04:00,4821.8999,4834.0,4802.8999,4810.2002,7407
2026-04-08 06:00:00-04:00,4810.2998,4823.1001,4798.2002,4809.7002,5244
2026-04-08 07:00:00-04:00,4809.2998,4830.3999,4806.3999,4826.3999,7574
2026-04-08 08:00:00-04:00,4826.2998,4834.7998,4793.7002,4827.1001,11105
2026-04-08 09:00:00-04:00,4826.6001,4833.6001,4792.7998,4804.1001,14078
2026-04-08 10:00:00-04:00,4803.7002,4818.7998,4757.6001,4762.2002,20500
2026-04-08 11:00:00-04:00,4761.6001,4788.7998,4759.8999,4782.0,10212
2026-04-08 12:00:00-04:00,4782.2002,4791.1001,4770.8999,4785.8999,6265
2026-04-08 13:00:00-04:00,4785.7002,4789.8999,4755.5,4759.5,10144
2026-04-08 14:00:00-04:00,4759.1001,4769.7998,4728.1001,4730.1001,11362
2026-04-08 15:00:00-04:00,4729.2998,4756.6001,4720.6001,4755.2998,6064
2026-04-08 16:00:00-04:00,4755.2002,4757.2998,4742.1001,4745.0,1801
2026-04-08 18:00:00-04:00,4744.7998,4757.7002,4728.5,4741.5,0
2026-04-08 19:00:00-04:00,4741.2002,4743.3999,4728.5,4738.7998,2259
2026-04-08 20:00:00-04:00,4739.3999,4742.3999,4718.6001,4730.3999,3881
2026-04-08 21:00:00-04:00,4730.2002,4752.2002,4722.3999,4751.2002,5911
2026-04-08 22:00:00-04:00,4751.5,4756.6001,4741.0,4742.1001,3799
2026-04-08 23:00:00-04:00,4742.2002,4743.3999,4728.0,4735.0,3062
2026-04-09 00:00:00-04:00,4734.6001,4748.3999,4733.0,4744.2002,1950
2026-04-09 01:00:00-04:00,4743.8999,4749.6001,4729.1001,4736.3999,3592
2026-04-09 02:00:00-04:00,4736.7002,4749.2002,4727.2002,4736.2998,4878
2026-04-09 03:00:00-04:00,4736.5,4755.2002,4729.5,4748.3999,8895
2026-04-09 04:00:00-04:00,4748.2998,4758.6001,4744.1001,4750.5,4214
2026-04-09 05:00:00-04:00,4750.1001,4758.5,4747.7002,4753.8999,3833
2026-04-09 06:00:00-04:00,4753.8999,4771.3999,4748.1001,4765.7002,3965
2026-04-09 07:00:00-04:00,4765.7998,4782.7002,4762.8999,4781.2998,4044
2026-04-09 08:00:00-04:00,4781.7002,4785.0,4759.6001,4770.8999,6789
2026-04-09 09:00:00-04:00,4771.2998,4802.7998,4763.8999,4789.6001,11381
2026-04-09 10:00:00-04:00,4790.0,4801.7998,4772.5,4794.0,10881
2026-04-09 11:00:00-04:00,4794.0,4823.8999,4786.2002,4817.3999,16462
2026-04-09 12:00:00-04:00,4817.7002,4825.5,4808.7998,4813.0,6507
2026-04-09 13:00:00-04:00,4813.5,4826.0,4810.8999,4822.2998,8397
2026-04-09 14:00:00-04:00,4822.6001,4822.7002,4792.2002,4796.6001,6445
2026-04-09 15:00:00-04:00,4796.6001,4806.8999,4790.7002,4793.0,3483
2026-04-09 16:00:00-04:00,4793.0,4797.3999,4784.6001,4790.5,1549
2026-04-09 18:00:00-04:00,4790.5,4810.0,4782.2002,4787.6001,0
2026-04-09 19:00:00-04:00,4787.3999,4787.3999,4779.7998,4787.0,1829
2026-04-09 20:00:00-04:00,4786.6001,4786.6001,4773.7998,4786.3999,3505
2026-04-09 21:00:00-04:00,4786.2002,4800.3999,4781.2998,4787.2998,5109
2026-04-09 22:00:00-04:00,4787.5,4788.2002,4760.3999,4775.5,6207
2026-04-09 23:00:00-04:00,4775.6001,4793.2998,4775.2002,4789.1001,3908
2026-04-10 00:00:00-04:00,4790.3999,4794.6001,4781.7998,4781.7998,2078
2026-04-10 01:00:00-04:00,4782.5,4793.0,4781.2998,4789.8999,2041
2026-04-10 02:00:00-04:00,4790.0,4790.2002,4766.2998,4769.7002,4933
2026-04-10 03:00:00-04:00,4769.6001,4781.2002,4764.6001,4773.0,2815
2026-04-10 04:00:00-04:00,4773.2998,4776.5,4752.7002,4763.1001,6126
2026-04-10 05:00:00-04:00,4763.6001,4783.2998,4763.1001,4774.6001,4786
2026-04-10 06:00:00-04:00,4774.7002,4784.0,4765.2998,4780.7002,3004
2026-04-10 07:00:00-04:00,4780.7002,4792.8999,4777.1001,4792.0,2403
2026-04-10 08:00:00-04:00,4792.1001,4806.8999,4783.8999,4795.5,9756
2026-04-10 09:00:00-04:00,4795.3999,4804.3999,4788.8999,4799.2998,9565
2026-04-10 10:00:00-04:00,4799.1001,4820.0,4791.7002,4799.2998,12260
2026-04-10 11:00:00-04:00,4799.3999,4811.8999,4779.2998,4785.7998,9232
2026-04-10 12:00:00-04:00,4785.8999,4790.7002,4768.3999,4788.1001,8217
2026-04-10 13:00:00-04:00,4788.3999,4793.2998,4782.1001,4784.5,6905
2026-04-10 14:00:00-04:00,4784.7002,4797.7002,4775.1001,4789.5,4567
2026-04-10 15:00:00-04:00,4789.5,4794.6001,4782.0,4783.6001,2701
2026-04-10 16:00:00-04:00,4783.5,4783.5,4764.0,4771.0,3254
2026-04-12 18:00:00-04:00,4688.7002,4707.3999,4665.2002,4680.6001,6936
2026-04-12 19:00:00-04:00,4680.5,4694.2002,4664.6001,4693.6001,3815
2026-04-12 20:00:00-04:00,4693.7002,4721.0,4686.8999,4718.0,3775
2026-04-12 21:00:00-04:00,4717.5,4749.5,4716.0,4743.1001,7086
2026-04-12 22:00:00-04:00,4743.7002,4749.5,4732.5,4742.0,2759
2026-04-12 23:00:00-04:00,4742.5,4745.7998,4733.7002,4741.6001,1479
2026-04-13 00:00:00-04:00,4740.0,4747.0,4729.2002,4744.7002,2648
2026-04-13 01:00:00-04:00,4744.8999,4752.6001,4737.8999,4751.1001,2387
2026-04-13 02:00:00-04:00,4751.5,4754.7002,4742.7002,4747.8999,3468
2026-04-13 03:00:00-04:00,4748.0,4762.5,4747.3999,4756.3999,3696
2026-04-13 04:00:00-04:00,4756.7002,4761.2002,4743.2998,4746.2998,3351
2026-04-13 05:00:00-04:00,4746.2998,4751.5,4733.2002,4737.3999,4062
2026-04-13 06:00:00-04:00,4737.3999,4746.2002,4730.5,4744.2002,2368
2026-04-13 07:00:00-04:00,4744.7998,4751.3999,4725.2002,4729.1001,3912
2026-04-13 08:00:00-04:00,4728.6001,4747.7998,4725.6001,4745.8999,6057
2026-04-13 09:00:00-04:00,4745.7998,4768.0,4743.0,4753.2998,13761
2026-04-13 10:00:00-04:00,4753.2002,4754.2998,4731.8999,4742.2002,8407
2026-04-13 11:00:00-04:00,4742.6001,4743.1001,4722.5,4736.8999,5623
2026-04-13 12:00:00-04:00,4737.2002,4770.6001,4731.5,4756.3999,14166
2026-04-13 13:00:00-04:00,4756.7002,4774.3999,4748.3999,4753.2998,12009
2026-04-13 14:00:00-04:00,4753.5,4764.2002,4746.1001,4762.0,2668
2026-04-13 15:00:00-04:00,4762.0,4770.7002,4753.7998,4765.5,3145
2026-04-13 16:00:00-04:00,4765.2998,4768.3999,4762.2002,4766.6001,1091
2026-04-13 18:00:00-04:00,4769.2998,4783.2998,4767.6001,4782.0,0
2026-04-13 19:00:00-04:00,4782.0,4789.7002,4778.2002,4781.2998,2053
2026-04-13 20:00:00-04:00,4781.7002,4799.3999,4775.5,4792.7002,3390
2026-04-13 21:00:00-04:00,4792.7002,4802.7998,4784.1001,4787.2002,3839
2026-04-13 22:00:00-04:00,4787.1001,4800.3999,4784.2998,4797.6001,2277
2026-04-13 23:00:00-04:00,4797.7002,4797.7998,4787.8999,4792.2998,1150
2026-04-14 00:00:00-04:00,4790.0,4799.2002,4789.2002,4796.2998,1117
2026-04-14 01:00:00-04:00,4796.1001,4796.2998,4780.0,4782.2998,2584
2026-04-14 02:00:00-04:00,4782.6001,4806.2998,4782.3999,4805.3999,3622
2026-04-14 03:00:00-04:00,4805.3999,4820.3999,4790.8999,4800.2002,8922
2026-04-14 04:00:00-04:00,4799.6001,4813.7002,4797.2002,4810.0,3480
2026-04-14 05:00:00-04:00,4810.5,4813.0,4794.7998,4801.6001,5260
2026-04-14 06:00:00-04:00,4801.7002,4811.1001,4773.2998,4791.1001,6404
2026-04-14 07:00:00-04:00,4790.6001,4805.7998,4789.3999,4797.1001,4787
2026-04-14 08:00:00-04:00,4797.1001,4800.2002,4784.2002,4793.2998,6565
2026-04-14 09:00:00-04:00,4793.0,4828.8999,4792.8999,4818.7998,13726
2026-04-14 10:00:00-04:00,4818.3999,4842.0,4816.7002,4827.2998,15730
2026-04-14 11:00:00-04:00,4827.2998,4839.7998,4814.3999,4831.8999,8092
2026-04-14 12:00:00-04:00,4832.1001,4844.0,4829.0,4833.5,6345
2026-04-14 13:00:00-04:00,4833.3999,4867.7002,4832.8999,4859.5,15236
2026-04-14 14:00:00-04:00,4859.6001,4867.7998,4855.2002,4860.1001,4222
2026-04-14 15:00:00-04:00,4860.2998,4870.0,4860.2998,4868.7002,3359
2026-04-14 16:00:00-04:00,4869.2002,4870.2998,4863.0,4864.5,1559
2026-04-14 18:00:00-04:00,4862.7002,4874.6001,4857.2002,4859.5,0
2026-04-14 19:00:00-04:00,4859.1001,4869.0,4857.5,4861.7002,2473
2026-04-14 20:00:00-04:00,4861.5,4864.1001,4851.6001,4859.7002,2620
2026-04-14 21:00:00-04:00,4860.1001,4895.3999,4852.5,4871.0,8495
2026-04-14 22:00:00-04:00,4870.2998,4877.2002,4844.5,4847.7002,4517
2026-04-14 23:00:00-04:00,4848.2002,4853.6001,4841.0,4849.6001,2928
2026-04-15 00:00:00-04:00,4848.0,4851.6001,4844.5,4848.8999,1089
2026-04-15 01:00:00-04:00,4849.1001,4854.2998,4835.8999,4843.2998,3173
2026-04-15 02:00:00-04:00,4843.3999,4848.5,4834.2002,4834.8999,3181
2026-04-15 03:00:00-04:00,4835.2002,4840.0,4827.3999,4834.1001,5425
2026-04-15 04:00:00-04:00,4833.7998,4845.3999,4827.1001,4841.6001,4178
2026-04-15 05:00:00-04:00,4841.3999,4842.3999,4808.3999,4821.2002,7859
2026-04-15 06:00:00-04:00,4820.6001,4829.2002,4812.7002,4822.7998,3680
2026-04-15 07:00:00-04:00,4822.7998,4837.7998,4818.3999,4835.7002,3358
2026-04-15 08:00:00-04:00,4835.0,4838.7002,4829.2998,4833.8999,4057
2026-04-15 09:00:00-04:00,4834.3999,4853.5,4831.1001,4851.8999,7410
2026-04-15 10:00:00-04:00,4851.7002,4854.6001,4836.2002,4838.3999,7008
2026-04-15 11:00:00-04:00,4839.0,4839.0,4807.8999,4823.5,10578
2026-04-15 12:00:00-04:00,4824.0,4835.0,4822.0,4825.8999,6127
2026-04-15 13:00:00-04:00,4826.2002,4830.7998,4812.8999,4814.7998,5612
2026-04-15 14:00:00-04:00,4814.7998,4825.2998,4812.2002,4822.2002,3533
2026-04-15 15:00:00-04:00,4822.2002,4826.1001,4817.1001,4818.2998,1686
2026-04-15 16:00:00-04:00,4818.7002,4819.3999,4810.5,4813.8999,1178
2026-04-15 18:00:00-04:00,4813.6001,4833.7998,4812.3999,4829.2002,0
2026-04-15 19:00:00-04:00,4829.2002,4848.6001,4829.2002,4845.3999,2689
2026-04-15 20:00:00-04:00,4845.3999,4859.7002,4841.1001,4854.7002,6260
2026-04-15 21:00:00-04:00,4854.7002,4858.6001,4832.8999,4839.8999,3063
2026-04-15 22:00:00-04:00,4840.7002,4847.2002,4834.6001,4842.1001,1734
2026-04-15 23:00:00-04:00,4841.7998,4849.6001,4841.5,4847.7002,1357
2026-04-16 00:00:00-04:00,4846.2998,4856.1001,4845.2002,4855.7002,1204
2026-04-16 01:00:00-04:00,4855.5,4861.2998,4843.7002,4844.1001,4390
2026-04-16 02:00:00-04:00,4843.6001,4852.1001,4836.0,4848.2998,8371
2026-04-16 03:00:00-04:00,4848.0,4852.7998,4838.2998,4843.0,6619
2026-04-16 04:00:00-04:00,4842.7998,4843.2002,4827.7998,4834.7002,4341
2026-04-16 05:00:00-04:00,4834.8999,4839.5,4827.7002,4834.2002,3324
2026-04-16 06:00:00-04:00,4834.1001,4838.7002,4825.6001,4838.7002,2183
2026-04-16 07:00:00-04:00,4838.7002,4844.2998,4836.7998,4843.8999,2185
2026-04-16 08:00:00-04:00,4844.1001,4845.0,4833.0,4837.7998,4452
2026-04-16 09:00:00-04:00,4838.2998,4846.2002,4805.2998,4815.8999,12136
2026-04-16 10:00:00-04:00,4815.7998,4828.3999,4792.1001,4810.2998,14057
2026-04-16 11:00:00-04:00,4810.3999,4834.7002,4809.8999,4828.2002,7900
2026-04-16 12:00:00-04:00,4828.6001,4831.3999,4806.0,4812.7002,5836
2026-04-16 13:00:00-04:00,4812.6001,4816.6001,4802.0,4810.1001,5596
2026-04-16 14:00:00-04:00,4810.0,4815.5,4806.5,4809.7002,2187
2026-04-16 15:00:00-04:00,4810.8999,4819.7002,4810.2998,4814.5,2245
2026-04-16 16:00:00-04:00,4814.7998,4815.1001,4806.0,4810.8999,1172
2026-04-16 18:00:00-04:00,4811.7998,4818.7998,4811.3999,4816.0,0
2026-04-16 19:00:00-04:00,4815.6001,4818.7002,4812.3999,4812.5,661
2026-04-16 20:00:00-04:00,4812.0,4822.2002,4806.7002,4816.2998,1571
2026-04-16 21:00:00-04:00,4815.6001,4816.5,4785.8999,4810.2002,5852
2026-04-16 22:00:00-04:00,4809.7998,4815.0,4804.2998,4804.6001,1861
2026-04-16 23:00:00-04:00,4804.7998,4819.1001,4804.7998,4814.1001,1690
2026-04-17 00:00:00-04:00,4813.8999,4825.6001,4813.1001,4824.2002,1647
2026-04-17 01:00:00-04:00,4823.7002,4827.2002,4815.1001,4815.8999,2754
2026-04-17 02:00:00-04:00,4815.8999,4816.5,4800.0,4805.5,3515
2026-04-17 03:00:00-04:00,4806.0,4815.2998,4800.2002,4805.5,4069
2026-04-17 04:00:00-04:00,4806.1001,4818.7998,4802.6001,4817.7998,3350
2026-04-17 05:00:00-04:00,4817.7998,4822.7002,4812.0,4812.2002,3446
2026-04-17 06:00:00-04:00,4812.6001,4816.0,4803.1001,4809.0,2512
2026-04-17 07:00:00-04:00,4809.2002,4834.0,4805.5,4822.0,4953
2026-04-17 08:00:00-04:00,4821.7002,4870.7998,4819.7998,4869.0,16391
2026-04-17 09:00:00-04:00,4869.0,4917.7002,4856.8999,4903.1001,30171
2026-04-17 10:00:00-04:00,4903.2998,4908.8999,4883.3999,4895.7002,13244
2026-04-17 11:00:00-04:00,4896.2002,4903.5,4877.2998,4889.7002,10994
2026-04-17 12:00:00-04:00,4889.5,4896.0,4886.0,4889.0,3510
2026-04-17 13:00:00-04:00,4889.0,4891.6001,4875.0,4884.6001,5717
2026-04-17 14:00:00-04:00,4884.7002,4890.1001,4877.0,4879.6001,2583
2026-04-17 15:00:00-04:00,4879.8999,4882.6001,4873.6001,4875.5,3124
2026-04-17 16:00:00-04:00,4875.6001,4879.6001,4848.0,4879.6001,5343
2026-04-19 18:00:00-04:00,4813.3999,4815.0,4797.6001,4799.3999,4068
2026-04-19 19:00:00-04:00,4798.8999,4799.3999,4752.0,4775.0,7507
2026-04-19 20:00:00-04:00,4774.3999,4793.7998,4764.2002,4792.0,5566
2026-04-19 21:00:00-04:00,4792.0,4834.5,4790.2998,4827.7998,8257
2026-04-19 22:00:00-04:00,4827.3999,4828.7998,4813.1001,4813.2998,3314
2026-04-20 05:00:00-04:00,4879.6001,4879.6001,4804.6001,4811.3999,25218
2026-04-20 06:00:00-04:00,4811.7002,4879.6001,4809.6001,4815.7002,2236
2026-04-20 07:00:00-04:00,4815.7002,4879.6001,4806.2998,4830.8999,5065
2026-04-20 08:00:00-04:00,4830.7998,4842.8999,4818.7998,4823.2998,9971
2026-04-20 09:00:00-04:00,4823.6001,4847.2998,4819.7002,4838.7998,8710
2026-04-20 10:00:00-04:00,4838.7998,4847.8999,4811.8999,4824.8999,12687
2026-04-20 11:00:00-04:00,4825.7002,4829.7998,4812.6001,4819.8999,7638
2026-04-20 12:00:00-04:00,4819.7998,4826.6001,4812.5,4825.6001,4422
2026-04-20 13:00:00-04:00,4825.8999,4832.3999,4824.0,4827.1001,4628
2026-04-20 14:00:00-04:00,4827.6001,4837.0,4827.6001,4834.7998,2573
2026-04-20 15:00:00-04:00,4834.7002,4842.1001,4829.7002,4834.7998,2916
2026-04-20 16:00:00-04:00,4835.0,4842.7002,4832.7998,4841.0,1634
2026-04-20 18:00:00-04:00,4842.3999,4854.7998,4841.1001,4848.5,0
2026-04-20 19:00:00-04:00,4848.7002,4852.5,4840.5,4842.3999,1559
2026-04-20 20:00:00-04:00,4843.0,4851.2002,4836.3999,4843.6001,2616
2026-04-20 21:00:00-04:00,4843.7998,4844.2998,4825.2998,4829.7998,2917
2026-04-20 22:00:00-04:00,4830.1001,4830.2002,4821.5,4826.0,2293
2026-04-20 23:00:00-04:00,4826.2002,4826.8999,4811.2002,4816.2998,4134
2026-04-21 00:00:00-04:00,4816.1001,4816.6001,4807.0,4807.7002,3739
2026-04-21 01:00:00-04:00,4807.7998,4815.7002,4801.7002,4802.8999,5806
2026-04-21 02:00:00-04:00,4802.6001,4828.7998,4793.0,4796.7998,9271
2026-04-21 03:00:00-04:00,4796.2998,4811.5,4790.7998,4804.8999,4053
2026-04-21 04:00:00-04:00,4804.5,4812.2002,4793.2998,4805.0,3860
2026-04-21 05:00:00-04:00,4804.8999,4808.2998,4800.0,4802.3999,4138
2026-04-21 06:00:00-04:00,4802.7998,4809.7002,4799.6001,4809.0,2112
2026-04-21 07:00:00-04:00,4809.2002,4818.0,4794.2998,4814.2002,4665
2026-04-21 08:00:00-04:00,4814.3999,4816.7002,4781.6001,4797.6001,9622
2026-04-21 09:00:00-04:00,4797.6001,4813.7998,4777.2998,4798.2002,13242
2026-04-21 10:00:00-04:00,4798.2002,4801.8999,4740.8999,4757.3999,25118
2026-04-21 11:00:00-04:00,4757.7998,4776.6001,4745.8999,4759.7998,15322
2026-04-21 12:00:00-04:00,4760.2998,4765.8999,4726.3999,4729.5,13024
2026-04-21 13:00:00-04:00,4729.2998,4742.0,4715.0,4731.0,16106
2026-04-21 14:00:00-04:00,4730.8999,4734.2002,4712.0,4728.1001,7133
2026-04-21 15:00:00-04:00,4728.7002,4734.1001,4685.7998,4698.2998,11229
2026-04-21 16:00:00-04:00,4698.5,4739.6001,4688.3999,4738.5,6817
2026-04-21 18:00:00-04:00,4738.7002,4748.1001,4733.1001,4737.6001,0
2026-04-21 19:00:00-04:00,4737.1001,4758.3999,4736.0,4755.7998,3191
2026-04-21 20:00:00-04:00,4756.2998,4766.0,4756.1001,4757.7002,3128
2026-04-21 21:00:00-04:00,4757.3999,4772.5,4753.5,4769.7998,5273
2026-04-21 22:00:00-04:00,4770.2998,4776.2002,4767.5,4773.5,2943
2026-04-21 23:00:00-04:00,4773.1001,4782.7002,4770.3999,4777.0,2997
2026-04-22 00:00:00-04:00,4776.1001,4777.3999,4770.1001,4772.3999,3063
2026-04-22 01:00:00-04:00,4772.3999,4789.8999,4769.8999,4786.3999,5726
2026-04-22 02:00:00-04:00,4786.0,4786.5,4777.5,4786.0,3500
2026-04-22 03:00:00-04:00,4785.8999,4790.7998,4778.3999,4779.5,3673
2026-04-22 04:00:00-04:00,4779.6001,4781.3999,4770.5,4775.7002,3494
2026-04-22 05:00:00-04:00,4775.5,4781.1001,4771.0,4773.3999,3333
2026-04-22 06:00:00-04:00,4773.6001,4779.2002,4764.2998,4778.1001,3222
2026-04-22 07:00:00-04:00,4777.8999,4779.6001,4766.2998,4768.8999,3844
2026-04-22 08:00:00-04:00,4769.2002,4779.0,4761.1001,4762.6001,6246
2026-04-22 09:00:00-04:00,4762.8999,4779.3999,4754.6001,4771.7002,9514
2026-04-22 10:00:00-04:00,4771.5,4776.2998,4746.8999,4754.2998,9685
2026-04-22 11:00:00-04:00,4754.2002,4758.3999,4743.2002,4746.2002,5602
2026-04-22 12:00:00-04:00,4746.1001,4754.1001,4742.1001,4747.5,3921
2026-04-22 13:00:00-04:00,4747.3999,4758.3999,4747.2002,4756.3999,4066
2026-04-22 14:00:00-04:00,4756.1001,4770.2002,4748.3999,4760.7002,4582
2026-04-22 15:00:00-04:00,4761.0,4764.3999,4755.7998,4759.0,2597
2026-04-22 16:00:00-04:00,4759.3999,4759.8999,4753.1001,4758.2998,1469
2026-04-22 18:00:00-04:00,4759.2002,4763.6001,4742.7998,4743.2002,0
2026-04-22 19:00:00-04:00,4743.5,4746.7998,4740.6001,4745.0,1522
2026-04-22 20:00:00-04:00,4745.0,4771.2998,4710.3999,4765.5,10234
2026-04-22 21:00:00-04:00,4765.2998,4767.5,4738.3999,4739.3999,5136
2026-04-22 22:00:00-04:00,4738.8999,4740.8999,4714.0,4714.3999,7317
2026-04-22 23:00:00-04:00,4715.0,4724.7998,4713.8999,4720.0,3744
2026-04-23 00:00:00-04:00,4719.0,4722.7002,4714.2998,4720.1001,1732
2026-04-23 01:00:00-04:00,4719.6001,4731.1001,4705.7002,4729.0,4441
2026-04-23 02:00:00-04:00,4729.6001,4739.0,4724.8999,4730.1001,6633
2026-04-23 03:00:00-04:00,4729.8999,4737.3999,4719.3999,4736.1001,7533
2026-04-23 04:00:00-04:00,4735.6001,4742.1001,4717.7998,4719.6001,3698
2026-04-23 05:00:00-04:00,4719.3999,4720.0,4710.7002,4713.5,5481
2026-04-23 06:00:00-04:00,4713.5,4717.8999,4700.0,4712.6001,5975
2026-04-23 07:00:00-04:00,4712.7998,4737.7998,4711.2998,4737.3999,5336
2026-04-23 08:00:00-04:00,4737.1001,4761.7002,4736.2998,4757.7002,13049
2026-04-23 09:00:00-04:00,4758.1001,4759.1001,4740.7998,4742.0,8964
2026-04-23 10:00:00-04:00,4741.5,4754.0,4733.8999,4750.6001,8547
2026-04-23 11:00:00-04:00,4750.8999,4758.2002,4733.2998,4737.2998,6561
2026-04-23 12:00:00-04:00,4737.6001,4754.1001,4732.5,4749.7998,4678
2026-04-23 13:00:00-04:00,4750.1001,4751.7002,4680.1001,4725.6001,24253
2026-04-23 14:00:00-04:00,4726.1001,4738.7002,4714.8999,4717.2002,5972
2026-04-23 15:00:00-04:00,4717.1001,4720.6001,4705.5,4712.7998,4501
2026-04-23 16:00:00-04:00,4712.5,4714.7998,4702.7002,4708.6001,1786
2026-04-23 18:00:00-04:00,4715.6001,4719.7998,4705.2998,4708.5,0
2026-04-23 19:00:00-04:00,4708.7002,4716.1001,4702.0,4710.7998,1374
2026-04-23 20:00:00-04:00,4711.7002,4723.1001,4706.2998,4719.7998,2269
2026-04-23 21:00:00-04:00,4719.7998,4726.7002,4705.7002,4715.1001,3093
2026-04-23 22:00:00-04:00,4715.2002,4716.3999,4687.2998,4692.3999,3891
2026-04-23 23:00:00-04:00,4692.0,4693.5,4683.5,4687.5,2939
2026-04-24 00:00:00-04:00,4686.8999,4691.5,4672.2002,4689.2998,4411
2026-04-24 01:00:00-04:00,4689.6001,4702.2998,4684.3999,4701.5,2955
2026-04-24 02:00:00-04:00,4701.7002,4703.1001,4681.6001,4687.1001,4071
2026-04-24 03:00:00-04:00,4687.1001,4710.7002,4686.2002,4709.3999,3406
2026-04-24 04:00:00-04:00,4710.1001,4712.7002,4700.1001,4705.5,2738
2026-04-24 05:00:00-04:00,4706.1001,4711.8999,4694.8999,4697.7002,5609
2026-04-24 06:00:00-04:00,4697.3999,4701.5,4689.6001,4693.0,2660
2026-04-24 07:00:00-04:00,4693.1001,4733.8999,4693.0,4723.2002,9734
2026-04-24 08:00:00-04:00,4723.2002,4727.8999,4706.2998,4716.8999,6628
2026-04-24 09:00:00-04:00,4717.2002,4734.2002,4705.3999,4727.8999,8244
2026-04-24 10:00:00-04:00,4728.0,4757.1001,4723.2002,4743.2002,13412
2026-04-24 11:00:00-04:00,4743.3999,4750.3999,4730.7998,4743.8999,6640
2026-04-24 12:00:00-04:00,4743.6001,4746.5,4735.6001,4743.7002,3072
2026-04-24 13:00:00-04:00,4744.3999,4747.0,4735.7002,4740.1001,5213
2026-04-24 14:00:00-04:00,4740.3999,4741.5,4733.0,4738.7002,1856
2026-04-24 15:00:00-04:00,4739.3999,4742.3999,4729.5,4732.1001,2597
2026-04-24 16:00:00-04:00,4731.8999,4740.8999,4721.1001,4740.8999,2765
2026-04-26 18:00:00-04:00,4696.1001,4704.0,4694.0,4699.6001,1529
2026-04-26 19:00:00-04:00,4699.1001,4700.0,4689.1001,4694.7998,1737
2026-04-26 20:00:00-04:00,4695.2998,4713.1001,4686.6001,4712.6001,2781
2026-04-26 21:00:00-04:00,4712.3999,4724.7998,4705.5,4717.1001,4501
2026-04-26 22:00:00-04:00,4717.7002,4738.2998,4710.6001,4732.8999,3720
2026-04-26 23:00:00-04:00,4733.2002,4744.7998,4729.6001,4739.7998,2739
2026-04-27 00:00:00-04:00,4739.7998,4745.7998,4738.2998,4740.5,1520
2026-04-27 01:00:00-04:00,4741.2002,4741.2002,4724.0,4725.7002,2966
2026-04-27 02:00:00-04:00,4725.3999,4730.8999,4724.2998,4727.6001,2210
2026-04-27 03:00:00-04:00,4727.3999,4733.5,4725.0,4727.8999,1957
2026-04-27 04:00:00-04:00,4728.3999,4730.0,4720.2002,4722.0,2299
2026-04-27 05:00:00-04:00,4722.2998,4723.6001,4714.7002,4719.1001,3418
2026-04-27 06:00:00-04:00,4719.2002,4726.3999,4714.7002,4724.2998,2067
2026-04-27 07:00:00-04:00,4724.2002,4724.5,4713.5,4719.7002,2269
2026-04-27 08:00:00-04:00,4720.1001,4728.0,4712.0,4714.1001,5212
2026-04-27 09:00:00-04:00,4714.7998,4718.8999,4703.2998,4711.6001,6827
2026-04-27 10:00:00-04:00,4711.2002,4712.2002,4691.2998,4693.2002,9115
2026-04-27 11:00:00-04:00,4693.3999,4697.1001,4681.2002,4684.7998,8890
2026-04-27 12:00:00-04:00,4684.6001,4694.2998,4681.5,4691.1001,3540
2026-04-27 13:00:00-04:00,4691.3999,4700.8999,4682.5,4697.2002,6866
2026-04-27 14:00:00-04:00,4696.7002,4700.2002,4693.6001,4695.7002,2077
2026-04-27 15:00:00-04:00,4695.5,4697.8999,4691.7002,4696.2002,2530
2026-04-27 16:00:00-04:00,4695.8999,4697.7998,4691.7998,4697.7002,854
2026-04-27 18:00:00-04:00,4697.5,4706.2998,4697.0,4702.7002,0
2026-04-27 19:00:00-04:00,4703.2998,4710.2998,4702.1001,4707.1001,1091
2026-04-27 20:00:00-04:00,4707.1001,4716.5,4705.2002,4705.6001,1782
2026-04-27 21:00:00-04:00,4705.2002,4705.7998,4681.3999,4684.7002,3590
2026-04-27 22:00:00-04:00,4684.6001,4694.0,4679.8999,4683.0,3665
2026-04-27 23:00:00-04:00,4682.8999,4690.1001,4682.2998,4685.6001,1971
2026-04-28 00:00:00-04:00,4684.6001,4685.1001,4679.7002,4681.2998,1998
2026-04-28 01:00:00-04:00,4681.3999,4681.5,4638.0,4646.6001,9724
2026-04-28 02:00:00-04:00,4645.8999,4656.8999,4636.5,4642.7002,7469
2026-04-28 03:00:00-04:00,4642.6001,4653.2998,4634.3999,4646.6001,5794
2026-04-28 04:00:00-04:00,4647.0,4649.3999,4628.2998,4643.6001,6167
2026-04-28 05:00:00-04:00,4643.3999,4644.0,4617.7002,4618.6001,7096
2026-04-28 06:00:00-04:00,4618.3999,4630.5,4616.7002,4616.7002,4285
2026-04-28 07:00:00-04:00,4616.6001,4622.3999,4568.0,4575.2002,14625
2026-04-28 08:00:00-04:00,4575.6001,4613.7998,4567.6001,4607.3999,14740
2026-04-28 09:00:00-04:00,4607.0,4608.2002,4583.7002,4593.3999,12342
2026-04-28 10:00:00-04:00,4593.0,4594.0,4570.0,4588.2998,14033
2026-04-28 11:00:00-04:00,4587.8999,4600.2002,4580.5,4600.1001,8230
2026-04-28 12:00:00-04:00,4600.0,4608.7998,4591.3999,4606.2002,5516
2026-04-28 13:00:00-04:00,4606.2998,4615.8999,4601.0,4609.0,6812
2026-04-28 14:00:00-04:00,4609.3999,4614.7998,4606.0,4608.3999,2205
2026-04-28 15:00:00-04:00,4608.5,4614.1001,4607.2998,4609.6001,2131
2026-04-28 16:00:00-04:00,4609.3999,4612.8999,4605.7002,4609.6001,1417
2026-04-28 18:00:00-04:00,4611.3999,4614.0,4606.2998,4607.7998,0
2026-04-28 19:00:00-04:00,4608.2998,4610.5,4602.0,4609.7002,1027
2026-04-28 20:00:00-04:00,4609.5,4624.2998,4608.7998,4613.7002,3091
2026-04-28 21:00:00-04:00,4613.5,4613.5,4589.1001,4598.1001,4744
2026-04-28 22:00:00-04:00,4598.5,4617.7002,4598.5,4606.8999,3045
2026-04-28 23:00:00-04:00,4606.8999,4616.7002,4605.7002,4609.6001,1604
2026-04-29 00:00:00-04:00,4609.1001,4619.2998,4609.1001,4618.1001,1626
2026-04-29 01:00:00-04:00,4618.6001,4621.2998,4604.3999,4604.7002,1749
2026-04-29 02:00:00-04:00,4604.5,4612.2998,4594.7998,4598.1001,4100
2026-04-29 03:00:00-04:00,4598.1001,4603.2002,4580.5,4581.3999,6122
2026-04-29 04:00:00-04:00,4581.6001,4590.0,4570.5,4586.1001,5113
2026-04-29 05:00:00-04:00,4586.5,4594.2998,4564.5,4568.2998,6326
2026-04-29 06:00:00-04:00,4568.1001,4589.5,4567.6001,4582.7002,3984
2026-04-29 07:00:00-04:00,4583.0,4585.6001,4571.8999,4574.7002,3065
2026-04-29 08:00:00-04:00,4574.2002,4582.1001,4552.8999,4557.3999,6668
2026-04-29 09:00:00-04:00,4558.3999,4566.0,4522.2002,4534.7002,15641
2026-04-29 10:00:00-04:00,4534.7002,4556.3999,4530.2998,4551.8999,11348
2026-04-29 11:00:00-04:00,4551.8999,4572.0,4548.6001,4560.2002,10911
2026-04-29 12:00:00-04:00,4560.6001,4578.2998,4557.2002,4559.0,7752
2026-04-29 13:00:00-04:00,4559.3999,4568.5,4555.8999,4561.7998,6662
2026-04-29 14:00:00-04:00,4561.2002,4567.0,4532.0,4552.7002,9761
2026-04-29 15:00:00-04:00,4553.1001,4565.0,4547.3999,4560.7998,4800
2026-04-29 16:00:00-04:00,4561.2002,4567.2998,4555.0,4557.2998,2390
2026-04-29 18:00:00-04:00,4557.0,4564.8999,4550.7998,4563.6001,0
2026-04-29 19:00:00-04:00,4564.5,4574.2002,4561.6001,4573.7998,873
2026-04-29 20:00:00-04:00,4573.6001,4586.2998,4568.2002,4582.0,3347
2026-04-29 21:00:00-04:00,4581.7002,4594.1001,4576.3999,4590.7998,3470
2026-04-29 22:00:00-04:00,4591.1001,4593.7998,4571.1001,4576.3999,3552
2026-04-29 23:00:00-04:00,4576.3999,4581.0,4566.8999,4567.8999,2251
2026-04-30 00:00:00-04:00,4567.3999,4568.0,4552.2002,4553.2002,2643
2026-04-30 01:00:00-04:00,4553.7002,4581.0,4553.0,4573.7002,2747
2026-04-30 02:00:00-04:00,4573.7002,4603.7002,4570.8999,4601.6001,6632
2026-04-30 03:00:00-04:00,4601.7998,4617.2998,4596.5,4610.6001,6529
2026-04-30 04:00:00-04:00,4610.5,4641.3999,4609.2002,4628.3999,7863
2026-04-30 05:00:00-04:00,4628.7002,4644.6001,4626.2998,4637.2002,6372
2026-04-30 06:00:00-04:00,4637.2002,4658.7998,4635.5,4651.7002,6117
2026-04-30 07:00:00-04:00,4651.8999,4658.0,4639.5,4643.0,8239
2026-04-30 08:00:00-04:00,4643.2998,4652.7002,4635.0,4652.3999,7436
2026-04-30 09:00:00-04:00,4652.5,4658.6001,4622.3999,4623.1001,10546
2026-04-30 10:00:00-04:00,4623.2002,4638.7002,4621.2998,4632.5,9458
2026-04-30 11:00:00-04:00,4633.2998,4637.7998,4623.7002,4628.1001,5002
2026-04-30 12:00:00-04:00,4628.2002,4631.1001,4618.0,4620.3999,6487
2026-04-30 13:00:00-04:00,4620.8999,4635.0,4620.7998,4629.7998,6417
2026-04-30 14:00:00-04:00,4630.0,4638.5,4629.6001,4635.3999,2971
2026-04-30 15:00:00-04:00,4635.5,4640.2998,4627.7002,4630.0,2808
2026-04-30 16:00:00-04:00,4630.3999,4636.0,4628.2998,4636.0,1238
2026-04-30 18:00:00-04:00,4636.8999,4652.0,4636.8999,4642.7002,0
2026-04-30 19:00:00-04:00,4643.2002,4646.7998,4638.7998,4638.8999,1160
2026-04-30 20:00:00-04:00,4639.0,4643.5,4630.5,4631.7998,1414
2026-04-30 21:00:00-04:00,4631.6001,4634.1001,4625.8999,4632.6001,1704
2026-04-30 22:00:00-04:00,4632.6001,4648.1001,4628.0,4630.5,2608
2026-04-30 23:00:00-04:00,4630.1001,4643.5,4628.8999,4638.6001,1655
2026-05-01 00:00:00-04:00,4637.7998,4640.2998,4620.2998,4620.3999,2509
2026-05-01 01:00:00-04:00,4620.7002,4628.2002,4614.1001,4616.2002,1957
2026-05-01 02:00:00-04:00,4616.2002,4619.3999,4602.2002,4606.7998,3120
2026-05-01 03:00:00-04:00,4606.0,4609.7002,4586.7998,4589.5,4557
2026-05-01 04:00:00-04:00,4589.7002,4594.0,4575.8999,4580.2998,3541
2026-05-01 05:00:00-04:00,4580.1001,4584.0,4570.0,4573.6001,3221
2026-05-01 06:00:00-04:00,4573.7002,4587.3999,4572.3999,4577.8999,2204
2026-05-01 07:00:00-04:00,4577.7998,4590.6001,4573.0,4590.0,2684
2026-05-01 08:00:00-04:00,4589.5,4619.2998,4586.0,4602.1001,7746
2026-05-01 09:00:00-04:00,4601.6001,4640.8999,4596.8999,4637.5,8223
2026-05-01 10:00:00-04:00,4636.8999,4673.0,4635.7998,4643.6001,15612
2026-05-01 11:00:00-04:00,4644.0,4659.2002,4630.3999,4654.3999,8564
2026-05-01 12:00:00-04:00,4654.0,4661.2998,4644.8999,4650.6001,4390
2026-05-01 13:00:00-04:00,4650.2002,4654.5,4638.3999,4641.2998,5506
2026-05-01 14:00:00-04:00,4641.7002,4642.7998,4625.2998,4636.1001,3419
2026-05-01 15:00:00-04:00,4636.2002,4639.6001,4621.0,4623.0,2750
2026-05-01 16:00:00-04:00,4623.0,4644.5,4619.0,4644.5,1556
2026-05-03 18:00:00-04:00,4633.2998,4640.8999,4623.5,4630.7002,1470
2026-05-03 19:00:00-04:00,4630.0,4632.3999,4622.3999,4625.0,1025
2026-05-03 20:00:00-04:00,4624.7998,4627.8999,4612.5,4623.6001,2027
2026-05-03 21:00:00-04:00,4624.7002,4625.3999,4603.7998,4624.2002,2219
2026-05-03 22:00:00-04:00,4624.0,4629.8999,4602.0,4616.8999,2830
2026-05-03 23:00:00-04:00,4616.6001,4627.8999,4609.6001,4627.7998,2393
2026-05-04 00:00:00-04:00,4626.5,4626.5,4615.7998,4616.6001,1787
2026-05-04 01:00:00-04:00,4616.0,4624.0,4603.2998,4610.2002,2980
2026-05-04 02:00:00-04:00,4610.1001,4611.8999,4594.5,4599.7002,3014
2026-05-04 03:00:00-04:00,4599.2002,4604.3999,4588.6001,4589.7002,2486
2026-05-04 04:00:00-04:00,4589.8999,4592.6001,4584.5,4587.5,2895
2026-05-04 05:00:00-04:00,4587.8999,4595.2998,4582.0,4586.0,2029
2026-05-04 06:00:00-04:00,4586.6001,4586.8999,4535.0,4573.2002,12623
2026-05-04 07:00:00-04:00,4573.5,4581.7998,4562.3999,4571.1001,4966
2026-05-04 08:00:00-04:00,4571.2998,4590.3999,4570.3999,4579.2998,5534
2026-05-04 09:00:00-04:00,4579.6001,4588.1001,4566.2998,4575.0,6823
2026-05-04 10:00:00-04:00,4574.8999,4594.7002,4564.3999,4572.7002,8032
2026-05-04 11:00:00-04:00,4572.7002,4577.8999,4520.6001,4531.6001,18313
2026-05-04 12:00:00-04:00,4531.3999,4537.1001,4510.1001,4520.3999,13140
2026-05-04 13:00:00-04:00,4521.1001,4541.7998,4520.8999,4532.5,7255
2026-05-04 14:00:00-04:00,4532.8999,4535.2002,4519.7002,4526.2998,3044
2026-05-04 15:00:00-04:00,4525.8999,4536.8999,4521.0,4527.6001,4753
2026-05-04 16:00:00-04:00,4527.5,4533.8999,4521.2998,4532.3999,1757
2026-05-04 18:00:00-04:00,4534.0,4535.8999,4524.7998,4527.0,0
2026-05-04 19:00:00-04:00,4526.7998,4531.0,4525.7002,4528.1001,832
2026-05-04 20:00:00-04:00,4528.6001,4540.1001,4522.7002,4538.8999,2745
2026-05-04 21:00:00-04:00,4538.8999,4551.5,4534.5,4550.3999,2723
2026-05-04 22:00:00-04:00,4550.5,4556.3999,4544.0,4548.2002,2298
2026-05-04 23:00:00-04:00,4548.1001,4551.7002,4541.3999,4544.7002,1477
2026-05-05 00:00:00-04:00,4543.5,4545.7998,4537.0,4543.0,1649
2026-05-05 01:00:00-04:00,4543.0,4561.2002,4540.3999,4555.2998,2799
2026-05-05 02:00:00-04:00,4555.2998,4561.5,4543.2002,4557.5,3315
2026-05-05 03:00:00-04:00,4557.8999,4568.1001,4553.2998,4555.3999,3304
2026-05-05 04:00:00-04:00,4555.3999,4569.3999,4555.2002,4568.2002,3248
2026-05-05 05:00:00-04:00,4568.6001,4570.5,4561.1001,4566.5,3505
2026-05-05 06:00:00-04:00,4566.7002,4567.2002,4550.0,4554.1001,2786
2026-05-05 07:00:00-04:00,4554.0,4575.5,4550.1001,4572.8999,3866
2026-05-05 08:00:00-04:00,4572.7002,4585.3999,4564.2002,4574.7002,6663
2026-05-05 09:00:00-04:00,4575.0,4596.2002,4575.0,4589.7998,9660
2026-05-05 10:00:00-04:00,4590.2998,4597.5,4576.3999,4593.2998,11254
2026-05-05 11:00:00-04:00,4593.6001,4595.1001,4579.2998,4579.3999,4376
2026-05-05 12:00:00-04:00,4579.3999,4579.8999,4564.6001,4572.1001,6343
2026-05-05 13:00:00-04:00,4571.7002,4573.6001,4563.7998,4570.2998,5086
2026-05-05 14:00:00-04:00,4570.5,4576.5,4568.0,4571.7002,2391
2026-05-05 15:00:00-04:00,4571.6001,4572.0,4562.2998,4566.0,2512
2026-05-05 16:00:00-04:00,4566.0,4570.7998,4564.8999,4567.7998,962
2026-05-05 18:00:00-04:00,4569.2998,4587.2002,4556.1001,4583.2002,0
2026-05-05 19:00:00-04:00,4583.5,4606.2002,4579.3999,4604.5,3333
2026-05-05 20:00:00-04:00,4604.1001,4631.2002,4598.2998,4629.7998,4719
2026-05-05 21:00:00-04:00,4629.8999,4639.7998,4620.3999,4636.3999,5513
2026-05-05 22:00:00-04:00,4636.2002,4651.7998,4635.7998,4650.6001,4722
2026-05-05 23:00:00-04:00,4650.6001,4662.0,4648.0,4653.5,4686
2026-05-06 00:00:00-04:00,4653.6001,4664.3999,4653.2998,4660.0,3436
2026-05-06 01:00:00-04:00,4660.0,4674.7998,4655.6001,4673.8999,5023
2026-05-06 02:00:00-04:00,4673.8999,4680.2002,4667.7998,4679.5,5370
2026-05-06 03:00:00-04:00,4679.7998,4693.2002,4668.5,4692.3999,8958
2026-05-06 04:00:00-04:00,4692.7002,4714.2998,4682.7998,4712.0,9457
2026-05-06 05:00:00-04:00,4712.0,4720.2002,4699.7002,4713.3999,11803
2026-05-06 06:00:00-04:00,4713.2998,4734.6001,4707.3999,4729.6001,9749
2026-05-06 07:00:00-04:00,4729.3999,4732.7002,4702.0,4703.2998,9417
2026-05-06 08:00:00-04:00,4703.2998,4704.7998,4671.0,4694.3999,13878
2026-05-06 09:00:00-04:00,4694.1001,4719.2002,4679.5,4713.5,13571
2026-05-06 10:00:00-04:00,4713.3999,4728.7002,4708.7998,4714.2002,11787
2026-05-06 11:00:00-04:00,4714.2002,4717.2998,4699.2002,4699.2998,6023
2026-05-06 12:00:00-04:00,4699.0,4703.5,4690.6001,4694.0,5182
2026-05-06 13:00:00-04:00,4693.8999,4699.1001,4689.7998,4694.7998,6487
2026-05-06 14:00:00-04:00,4695.1001,4701.2998,4692.7002,4696.7998,3132
2026-05-06 15:00:00-04:00,4697.1001,4711.2998,4697.1001,4703.0,3765
2026-05-06 16:00:00-04:00,4703.5,4710.3999,4695.7998,4703.1001,2125
2026-05-06 18:00:00-04:00,4702.2002,4709.2002,4698.0,4704.1001,0
2026-05-06 19:00:00-04:00,4703.7002,4708.8999,4699.2998,4708.2002,1386
2026-05-06 20:00:00-04:00,4708.2998,4710.3999,4694.2002,4697.6001,2468
2026-05-06 21:00:00-04:00,4697.3999,4730.5,4694.0,4723.7002,6562
2026-05-06 22:00:00-04:00,4723.3999,4727.2998,4708.2002,4716.0,2563
2026-05-06 23:00:00-04:00,4715.2002,4718.6001,4708.8999,4709.0,1410
2026-05-07 00:00:00-04:00,4707.7002,4709.5,4700.3999,4705.1001,2338
2026-05-07 01:00:00-04:00,4705.0,4715.3999,4703.1001,4709.3999,2309
2026-05-07 02:00:00-04:00,4709.5,4759.3999,4709.5,4748.6001,7868
2026-05-07 03:00:00-04:00,4747.7998,4760.5,4741.0,4752.5,6031
2026-05-07 04:00:00-04:00,4753.2002,4763.6001,4740.8999,4741.1001,6660
2026-05-07 05:00:00-04:00,4741.3999,4749.0,4732.0,4738.3999,5442
2026-05-07 06:00:00-04:00,4738.1001,4749.6001,4736.0,4745.0,3028
2026-05-07 07:00:00-04:00,4745.3999,4753.0,4736.3999,4752.0,4139
2026-05-07 08:00:00-04:00,4752.1001,4762.7002,4741.7002,4760.1001,8404
2026-05-07 09:00:00-04:00,4760.2002,4768.5,4741.0,4756.5,11580
2026-05-07 10:00:00-04:00,4756.0,4774.0,4751.1001,4773.2998,13270
2026-05-07 11:00:00-04:00,4773.3999,4775.2002,4694.2998,4739.1001,12905
2026-05-07 12:00:00-04:00,4739.2998,4739.8999,4712.6001,4724.7998,11706
2026-05-07 13:00:00-04:00,4725.0,4729.5,4696.6001,4721.1001,25024
2026-05-07 14:00:00-04:00,4721.0,4725.5,4704.6001,4719.1001,6563
2026-05-07 15:00:00-04:00,4719.6001,4722.5,4707.0,4712.8999,4212
2026-05-07 16:00:00-04:00,4713.0,4729.1001,4693.2998,4696.0,4068
2026-05-07 18:00:00-04:00,4682.5,4708.5,4671.0,4694.8999,0
2026-05-07 19:00:00-04:00,4694.3999,4714.3999,4693.8999,4713.2002,1629
2026-05-07 20:00:00-04:00,4713.3999,4718.5,4702.7002,4710.0,2412
2026-05-07 21:00:00-04:00,4710.1001,4734.2998,4709.1001,4731.2002,4467
2026-05-07 22:00:00-04:00,4731.1001,4741.3999,4715.3999,4721.7002,3497
2026-05-07 23:00:00-04:00,4721.6001,4739.7998,4719.2998,4729.0,2252
2026-05-08 00:00:00-04:00,4728.6001,4731.8999,4716.6001,4719.3999,2211
2026-05-08 01:00:00-04:00,4719.6001,4740.0,4718.2998,4736.0,2147
2026-05-08 02:00:00-04:00,4736.5,4743.5,4721.1001,4734.2998,3944
2026-05-08 03:00:00-04:00,4734.0,4734.8999,4706.2002,4717.3999,6270
2026-05-08 04:00:00-04:00,4717.2002,4732.8999,4715.8999,4724.7998,2612
2026-05-08 05:00:00-04:00,4725.3999,4732.5,4716.8999,4721.6001,3270
2026-05-08 06:00:00-04:00,4721.3999,4737.7998,4720.7002,4729.3999,2592
2026-05-08 07:00:00-04:00,4730.1001,4737.0,4723.2002,4727.5,3506
2026-05-08 08:00:00-04:00,4727.5,4741.6001,4709.6001,4734.1001,10610
2026-05-08 09:00:00-04:00,4733.3999,4758.6001,4725.7002,4757.7998,13327
2026-05-08 10:00:00-04:00,4757.7998,4760.3999,4723.1001,4725.7002,13223
2026-05-08 11:00:00-04:00,4725.7998,4730.7998,4711.5,4716.6001,10420
2026-05-08 12:00:00-04:00,4716.3999,4729.8999,4715.0,4721.8999,4564
2026-05-08 13:00:00-04:00,4721.8999,4732.1001,4721.7002,4730.3999,10898
2026-05-08 14:00:00-04:00,4730.3999,4738.6001,4729.2998,4731.8999,3024
2026-05-08 15:00:00-04:00,4731.5,4736.3999,4730.6001,4733.3999,1986
2026-05-08 16:00:00-04:00,4733.7998,4733.8999,4723.2998,4730.7002,2075
2026-05-10 18:00:00-04:00,4696.7998,4704.5,4690.0,4700.1001,2147
2026-05-10 19:00:00-04:00,4700.0,4707.5,4697.2998,4700.2998,1740
2026-05-10 20:00:00-04:00,4699.8999,4702.1001,4678.3999,4692.5,5051
2026-05-10 21:00:00-04:00,4692.0,4714.1001,4683.5,4694.2002,6290
2026-05-10 22:00:00-04:00,4694.7002,4709.0,4684.7002,4690.0,5125
2026-05-10 23:00:00-04:00,4689.6001,4698.2998,4683.1001,4687.0,2809
2026-05-11 00:00:00-04:00,4686.3999,4687.7002,4675.8999,4679.7998,2618
2026-05-11 01:00:00-04:00,4679.7998,4688.7998,4655.1001,4659.6001,6147
2026-05-11 02:00:00-04:00,4659.5,4688.7002,4656.6001,4686.7002,5518
2026-05-11 03:00:00-04:00,4686.8999,4688.6001,4672.7998,4676.3999,3301
2026-05-11 04:00:00-04:00,4676.2998,4687.5,4672.7998,4675.8999,3633
2026-05-11 05:00:00-04:00,4675.6001,4678.3999,4658.7002,4665.2998,6450
2026-05-11 06:00:00-04:00,4665.0,4675.8999,4664.5,4672.2002,2995
2026-05-11 07:00:00-04:00,4672.6001,4686.0,4672.6001,4683.2998,3770
2026-05-11 08:00:00-04:00,4682.8999,4710.2002,4675.8999,4708.7002,11000
2026-05-11 09:00:00-04:00,4708.8999,4758.3999,4707.2998,4745.7002,21316
2026-05-11 10:00:00-04:00,4745.7002,4748.5,4724.6001,4735.3999,13139
2026-05-11 11:00:00-04:00,4735.2998,4748.1001,4732.2002,4741.7998,5462
2026-05-11 12:00:00-04:00,4742.0,4743.2002,4716.7998,4726.1001,7320
2026-05-11 13:00:00-04:00,4726.0,4734.2002,4725.3999,4733.0,9394
2026-05-11 14:00:00-04:00,4733.1001,4738.7998,4730.1001,4733.7998,2600
2026-05-11 15:00:00-04:00,4734.2002,4746.5,4731.7998,4743.5,4586
2026-05-11 16:00:00-04:00,4743.7002,4748.5,4739.5,4745.6001,1702
2026-05-11 18:00:00-04:00,4745.2998,4766.7998,4745.2002,4760.7002,0
2026-05-11 19:00:00-04:00,4760.5,4780.2998,4755.2002,4777.2002,5329
2026-05-11 20:00:00-04:00,4776.7002,4783.3999,4757.7998,4759.2998,4961
2026-05-11 21:00:00-04:00,4758.8999,4765.6001,4729.7998,4736.6001,5516
2026-05-11 22:00:00-04:00,4736.2998,4743.3999,4731.1001,4739.7998,2971
2026-05-11 23:00:00-04:00,4739.5,4742.3999,4726.7998,4729.0,2596
2026-05-12 00:00:00-04:00,4729.1001,4739.6001,4720.1001,4723.1001,2574
2026-05-12 01:00:00-04:00,4722.5,4731.0,4717.5,4723.2002,3936
2026-05-12 02:00:00-04:00,4722.6001,4722.6001,4701.6001,4705.3999,6639
2026-05-12 03:00:00-04:00,4705.0,4711.7002,4692.3999,4707.7998,5043
2026-05-12 04:00:00-04:00,4707.5,4714.7998,4704.6001,4710.8999,2657
2026-05-12 05:00:00-04:00,4710.7002,4713.2998,4702.2002,4707.6001,3690
2026-05-12 06:00:00-04:00,4708.0,4716.7002,4692.7998,4701.8999,4698
2026-05-12 07:00:00-04:00,4702.3999,4717.2002,4694.7002,4714.6001,3913
2026-05-12 08:00:00-04:00,4714.5,4719.7998,4697.3999,4713.7998,9041
2026-05-12 09:00:00-04:00,4713.6001,4717.1001,4684.5,4687.0,13210
2026-05-12 10:00:00-04:00,4686.5,4703.0,4676.0,4680.0,10866
2026-05-12 11:00:00-04:00,4680.0,4683.6001,4645.2002,4673.1001,18910
2026-05-12 12:00:00-04:00,4673.5,4682.3999,4671.2998,4678.1001,4852
2026-05-12 13:00:00-04:00,4678.3999,4689.7998,4678.3999,4685.7002,10977
2026-05-12 14:00:00-04:00,4685.7002,4705.5,4683.0,4703.0,4942
2026-05-12 15:00:00-04:00,4704.1001,4723.2998,4703.6001,4723.2002,4188
2026-05-12 16:00:00-04:00,4722.7998,4726.7002,4719.3999,4722.6001,1764
2026-05-12 18:00:00-04:00,4722.2998,4730.2002,4720.2998,4724.6001,0
2026-05-12 19:00:00-04:00,4724.5,4731.6001,4723.0,4724.7002,2894
2026-05-12 20:00:00-04:00,4724.5,4734.7998,4721.0,4723.0,2859
2026-05-12 21:00:00-04:00,4722.6001,4725.1001,4709.2002,4710.8999,4567
2026-05-12 22:00:00-04:00,4710.5,4715.7002,4696.0,4700.6001,4072
2026-05-12 23:00:00-04:00,4700.5,4714.2998,4697.1001,4703.0,3029
2026-05-13 00:00:00-04:00,4704.5,4711.3999,4703.3999,4707.8999,1367
2026-05-13 01:00:00-04:00,4707.5,4715.7002,4701.2998,4711.3999,2464
2026-05-13 02:00:00-04:00,4711.7998,4723.1001,4706.8999,4709.7998,4357
2026-05-13 03:00:00-04:00,4709.7998,4716.6001,4704.7998,4710.3999,4382
2026-05-13 04:00:00-04:00,4710.2998,4712.0,4701.7998,4707.7002,3497
2026-05-13 05:00:00-04:00,4707.7998,4709.2002,4692.2998,4709.0,5883
2026-05-13 06:00:00-04:00,4708.3999,4718.2002,4701.0,4701.6001,3041
2026-05-13 07:00:00-04:00,4701.7998,4713.8999,4698.6001,4705.2002,3113
2026-05-13 08:00:00-04:00,4704.8999,4709.3999,4682.0,4690.7002,9990
2026-05-13 09:00:00-04:00,4690.6001,4702.0,4676.0,4686.2002,11058
2026-05-13 10:00:00-04:00,4686.2002,4698.2998,4679.7998,4686.7998,9935
2026-05-13 11:00:00-04:00,4687.1001,4708.0,4686.0,4703.2998,6097
2026-05-13 12:00:00-04:00,4703.0,4717.8999,4702.7998,4703.5,8297
2026-05-13 13:00:00-04:00,4703.7002,4709.2002,4692.6001,4693.3999,11680
2026-05-13 14:00:00-04:00,4693.7998,4702.0,4685.5,4692.8999,4130
2026-05-13 15:00:00-04:00,4692.6001,4698.6001,4691.2998,4696.1001,2143
2026-05-13 16:00:00-04:00,4696.0,4701.3999,4693.7002,4697.1001,1059
2026-05-13 18:00:00-04:00,4696.7998,4707.2998,4695.5,4706.3999,0
2026-05-13 19:00:00-04:00,4706.2002,4709.0,4699.7002,4703.5,832
2026-05-13 20:00:00-04:00,4703.1001,4713.7002,4696.2002,4712.0,2120
2026-05-13 21:00:00-04:00,4712.2002,4714.0,4690.2002,4695.0,3819
2026-05-13 22:00:00-04:00,4695.5,4706.5,4686.0,4692.7002,2465
2026-05-13 23:00:00-04:00,4692.7998,4699.3999,4679.2998,4680.7998,2850
2026-05-14 00:00:00-04:00,4680.7998,4719.7002,4673.2002,4709.2002,5598
2026-05-14 01:00:00-04:00,4709.5,4711.2002,4696.0,4696.2998,2585
2026-05-14 02:00:00-04:00,4696.2002,4709.2998,4692.7002,4707.2002,3244
2026-05-14 03:00:00-04:00,4706.7002,4725.7998,4697.7002,4700.1001,5792
2026-05-14 04:00:00-04:00,4699.5,4713.6001,4698.8999,4700.2998,3367
2026-05-14 05:00:00-04:00,4699.7998,4709.2998,4694.6001,4706.1001,2763
2026-05-14 06:00:00-04:00,4706.0,4711.8999,4698.0,4704.1001,2516
2026-05-14 07:00:00-04:00,4703.5,4711.6001,4695.8999,4700.3999,3102
2026-05-14 08:00:00-04:00,4700.2002,4716.8999,4698.3999,4711.7998,7363
2026-05-14 09:00:00-04:00,4712.2002,4715.2002,4671.2998,4685.2002,13305
2026-05-14 10:00:00-04:00,4685.0,4707.2998,4683.0,4685.7002,9451
2026-05-14 11:00:00-04:00,4685.6001,4695.7998,4683.0,4691.8999,4380
2026-05-14 12:00:00-04:00,4692.1001,4693.5,4676.1001,4684.7998,5124
2026-05-14 13:00:00-04:00,4684.3999,4689.6001,4682.7002,4684.2002,5545
2026-05-14 14:00:00-04:00,4684.5,4684.5,4672.5,4677.2998,3937
2026-05-14 15:00:00-04:00,4677.3999,4677.3999,4658.0,4659.5,5696
2026-05-14 16:00:00-04:00,4659.6001,4663.0,4649.2998,4655.3999,2804
2026-05-14 18:00:00-04:00,4654.5,4667.0,4651.0,4666.7002,0
2026-05-14 19:00:00-04:00,4666.3999,4670.1001,4651.0,4656.7002,2992
2026-05-14 20:00:00-04:00,4656.3999,4662.7998,4618.2998,4635.1001,8786
2026-05-14 21:00:00-04:00,4635.0,4636.7002,4611.0,4617.8999,7338
2026-05-14 22:00:00-04:00,4617.8999,4627.3999,4613.5,4621.8999,3538
2026-05-14 23:00:00-04:00,4621.6001,4626.5,4611.2998,4619.7998,3428
2026-05-15 00:00:00-04:00,4619.2998,4625.8999,4608.2002,4610.0,2800
2026-05-15 01:00:00-04:00,4610.0,4610.6001,4560.1001,4562.8999,11957
2026-05-15 02:00:00-04:00,4562.3999,4585.3999,4560.5,4574.5,8487
2026-05-15 03:00:00-04:00,4573.8999,4593.7998,4569.7998,4575.7002,8163
2026-05-15 04:00:00-04:00,4575.6001,4576.8999,4553.2002,4558.8999,8723
2026-05-15 05:00:00-04:00,4559.0,4568.2002,4535.3999,4549.7998,9071
2026-05-15 06:00:00-04:00,4549.8999,4577.0,4548.0,4570.2002,8044
2026-05-15 07:00:00-04:00,4570.5,4574.7998,4554.0,4555.8999,5014
2026-05-15 08:00:00-04:00,4556.0,4562.7002,4546.2998,4550.2002,8614
2026-05-15 09:00:00-04:00,4550.1001,4561.8999,4513.7998,4537.2998,19094
2026-05-15 10:00:00-04:00,4536.8999,4570.8999,4529.2998,4566.7998,13635
2026-05-15 11:00:00-04:00,4567.2998,4568.0,4538.0,4543.7998,7788
2026-05-15 12:00:00-04:00,4543.7998,4552.3999,4533.2002,4548.7002,5679
2026-05-15 13:00:00-04:00,4548.5,4568.7002,4547.2002,4564.0,7373
2026-05-15 14:00:00-04:00,4564.2998,4567.2998,4556.5,4563.3999,2804
2026-05-15 15:00:00-04:00,4563.8999,4564.2002,4548.8999,4549.7998,3691
2026-05-15 16:00:00-04:00,4550.2002,4561.8999,4537.0,4561.8999,2058
2026-05-17 18:00:00-04:00,4557.3999,4558.6001,4541.3999,4549.7002,2138
2026-05-17 19:00:00-04:00,4550.2002,4551.3999,4535.1001,4540.8999,1911
2026-05-17 20:00:00-04:00,4541.0,4546.0,4483.5,4518.5,9809
2026-05-17 21:00:00-04:00,4518.1001,4538.6001,4492.1001,4527.8999,8772
2026-05-17 22:00:00-04:00,4527.8999,4545.8999,4524.8999,4536.3999,4376
2026-05-17 23:00:00-04:00,4537.0,4551.3999,4528.0,4546.7998,4319
2026-05-18 00:00:00-04:00,4545.2002,4553.7998,4533.3999,4544.2002,5205
2026-05-18 01:00:00-04:00,4544.7998,4556.0,4533.6001,4534.6001,5303
2026-05-18 02:00:00-04:00,4534.2998,4551.7998,4533.1001,4550.5,6923
2026-05-18 03:00:00-04:00,4551.0,4564.0,4541.6001,4550.0,5760
2026-05-18 04:00:00-04:00,4550.0,4560.8999,4546.0,4553.7998,3990
2026-05-18 05:00:00-04:00,4553.8999,4555.7002,4543.7998,4547.0,3695
2026-05-18 06:00:00-04:00,4546.3999,4551.3999,4535.6001,4543.3999,3986
2026-05-18 07:00:00-04:00,4543.5,4571.8999,4533.5,4554.2002,9746
2026-05-18 08:00:00-04:00,4554.3999,4579.3999,4548.7998,4575.2002,9361
2026-05-18 09:00:00-04:00,4575.3999,4588.6001,4565.3999,4579.8999,12978
2026-05-18 10:00:00-04:00,4579.8999,4579.8999,4542.1001,4550.7998,15134
2026-05-18 11:00:00-04:00,4551.0,4552.3999,4536.2002,4547.7002,7691
2026-05-18 12:00:00-04:00,4548.6001,4558.7002,4537.6001,4554.3999,10432
2026-05-18 13:00:00-04:00,4554.2998,4562.5,4549.7998,4551.3999,5596
2026-05-18 14:00:00-04:00,4551.2998,4552.3999,4538.2998,4539.7998,3632
2026-05-18 15:00:00-04:00,4539.8999,4569.5,4539.1001,4562.8999,6702
2026-05-18 16:00:00-04:00,4563.2998,4571.6001,4562.3999,4570.7998,1323
2026-05-18 18:00:00-04:00,4570.6001,4582.2998,4570.6001,4578.2002,0
2026-05-18 19:00:00-04:00,4578.2002,4593.2002,4577.8999,4585.5,2156
2026-05-18 20:00:00-04:00,4585.3999,4593.1001,4564.7002,4566.2998,3854
2026-05-18 21:00:00-04:00,4565.6001,4575.3999,4557.6001,4567.0,3609
2026-05-18 22:00:00-04:00,4566.7002,4566.7002,4548.6001,4550.2998,4018
2026-05-18 23:00:00-04:00,4549.8999,4558.1001,4545.2002,4548.8999,3526
2026-05-19 00:00:00-04:00,4547.7998,4548.7998,4540.8999,4545.3999,2047
2026-05-19 01:00:00-04:00,4545.6001,4549.8999,4533.8999,4543.7998,4755
2026-05-19 02:00:00-04:00,4543.7002,4557.1001,4536.5,4551.2998,5310
2026-05-19 03:00:00-04:00,4550.3999,4562.7002,4544.7002,4560.7002,4900
2026-05-19 04:00:00-04:00,4560.7002,4562.5,4539.1001,4546.3999,5403
2026-05-19 05:00:00-04:00,4545.7998,4550.0,4538.7998,4545.0,3629
2026-05-19 06:00:00-04:00,4544.5,4548.0,4528.6001,4547.8999,4535
2026-05-19 07:00:00-04:00,4547.7002,4551.5,4533.1001,4534.0,3549
2026-05-19 08:00:00-04:00,4533.7998,4550.8999,4530.2998,4541.6001,6508
2026-05-19 09:00:00-04:00,4540.3999,4541.0,4467.1001,4506.7002,35176
2026-05-19 10:00:00-04:00,4506.6001,4517.0,4487.0,4496.8999,16526
2026-05-19 11:00:00-04:00,4497.8999,4512.8999,4492.7998,4511.7002,7388
2026-05-19 12:00:00-04:00,4512.0,4516.0,4499.5,4511.2002,4793
2026-05-19 13:00:00-04:00,4511.0,4514.6001,4502.6001,4504.6001,4982
2026-05-19 14:00:00-04:00,4504.5,4507.5,4493.1001,4496.7998,2427
2026-05-19 15:00:00-04:00,4496.3999,4500.7002,4484.7998,4487.0,3410
2026-05-19 16:00:00-04:00,4486.8999,4491.8999,4484.2998,4485.3999,1485
2026-05-19 18:00:00-04:00,4486.6001,4488.7998,4480.0,4487.6001,0
2026-05-19 19:00:00-04:00,4486.5,4499.5,4482.8999,4491.7998,2458
2026-05-19 20:00:00-04:00,4492.2002,4512.0,4482.2002,4503.8999,3532
2026-05-19 21:00:00-04:00,4503.7998,4509.2998,4458.0,4484.2998,7224
2026-05-19 22:00:00-04:00,4484.0,4489.6001,4460.6001,4467.2002,4493
2026-05-19 23:00:00-04:00,4467.3999,4469.2002,4455.0,4467.1001,3805
2026-05-20 00:00:00-04:00,4465.7998,4472.5,4458.6001,4464.2002,2324
2026-05-20 01:00:00-04:00,4464.0,4481.7998,4463.7998,4475.2002,3475
2026-05-20 02:00:00-04:00,4474.7998,4481.1001,4463.6001,4476.7002,4796
2026-05-20 03:00:00-04:00,4476.3999,4488.7002,4474.5,4480.8999,5645
2026-05-20 04:00:00-04:00,4481.1001,4492.7998,4479.1001,4486.5,5231
2026-05-20 05:00:00-04:00,4486.2002,4494.2002,4475.1001,4487.5,8041
2026-05-20 06:00:00-04:00,4487.5,4499.7998,4487.2998,4497.1001,5096
2026-05-20 07:00:00-04:00,4497.5,4503.7002,4493.1001,4501.2002,5318
2026-05-20 08:00:00-04:00,4501.0,4508.1001,4495.2998,4499.0,9966
2026-05-20 09:00:00-04:00,4499.0,4509.0,4484.6001,4485.7002,11611
2026-05-20 10:00:00-04:00,4485.5,4540.5,4469.1001,4534.3999,26367
2026-05-20 11:00:00-04:00,4534.7998,4558.3999,4526.5,4532.1001,14832
2026-05-20 12:00:00-04:00,4532.1001,4538.7998,4527.1001,4537.5,6808
2026-05-20 13:00:00-04:00,4537.7002,4542.0,4533.0,4535.1001,6397
2026-05-20 14:00:00-04:00,4534.6001,4548.5,4532.2998,4545.6001,3543
2026-05-20 15:00:00-04:00,4545.7998,4553.7998,4544.8999,4548.1001,3444
2026-05-20 16:00:00-04:00,4548.3999,4553.2002,4544.5,4546.2002,2282
2026-05-20 18:00:00-04:00,4548.0,4549.8999,4536.0,4541.2002,0
2026-05-20 19:00:00-04:00,4540.8999,4548.6001,4535.6001,4548.0,1374
2026-05-20 20:00:00-04:00,4548.2998,4554.6001,4538.7002,4547.0,2182
2026-05-20 21:00:00-04:00,4548.0,4572.3999,4541.3999,4562.8999,5859
2026-05-20 22:00:00-04:00,4562.6001,4566.7998,4533.2002,4535.2998,3748
2026-05-20 23:00:00-04:00,4534.6001,4541.7002,4528.2998,4529.8999,2257
2026-05-21 00:00:00-04:00,4529.3999,4541.6001,4528.3999,4540.0,1629
2026-05-21 01:00:00-04:00,4539.7998,4541.6001,4519.0,4528.8999,3253
2026-05-21 02:00:00-04:00,4528.0,4541.2002,4520.0,4523.1001,4701
2026-05-21 03:00:00-04:00,4522.8999,4525.7998,4513.2002,4520.7998,4691
2026-05-21 04:00:00-04:00,4520.8999,4538.2002,4519.2002,4534.2998,5113
2026-05-21 05:00:00-04:00,4533.7002,4544.2002,4528.7998,4531.7002,4265
2026-05-21 06:00:00-04:00,4531.6001,4537.6001,4505.7002,4511.8999,7174
2026-05-21 07:00:00-04:00,4512.2998,4522.5,4508.7998,4515.0,3005
2026-05-21 08:00:00-04:00,4515.2002,4520.2002,4501.3999,4505.0,11145
2026-05-21 09:00:00-04:00,4505.1001,4522.2998,4488.2998,4513.7002,14316
2026-05-21 10:00:00-04:00,4514.1001,4516.7002,4499.2002,4510.0,22074
2026-05-21 11:00:00-04:00,4510.5,4517.0,4498.0,4513.0,13713
2026-05-21 12:00:00-04:00,4513.2002,4522.3999,4513.1001,4520.7002,7374
2026-05-21 13:00:00-04:00,4521.0,4561.2002,4515.0,4553.1001,16159
2026-05-21 14:00:00-04:00,4553.0,4557.7998,4528.6001,4533.7002,5574
2026-05-21 15:00:00-04:00,4533.3999,4545.0,4531.2998,4544.1001,3176
2026-05-21 16:00:00-04:00,4543.8999,4545.8999,4540.7998,4544.2002,2517
2026-05-21 18:00:00-04:00,4544.2002,4547.0,4540.3999,4544.1001,0
2026-05-21 19:00:00-04:00,4544.3999,4545.7998,4532.7002,4536.0,934
2026-05-21 20:00:00-04:00,4536.2002,4541.8999,4526.5,4528.3999,1793
2026-05-21 21:00:00-04:00,4527.6001,4537.2998,4521.7002,4526.7002,2528
2026-05-21 22:00:00-04:00,4526.8999,4530.3999,4519.3999,4523.7998,1882
2026-05-21 23:00:00-04:00,4523.8999,4530.5,4519.7002,4529.8999,1889
2026-05-22 00:00:00-04:00,4530.6001,4533.7998,4526.6001,4528.1001,1152
2026-05-22 01:00:00-04:00,4528.3999,4535.3999,4508.2002,4512.3999,2984
2026-05-22 02:00:00-04:00,4511.8999,4529.6001,4511.1001,4527.7002,4267
2026-05-22 03:00:00-04:00,4527.2002,4528.2002,4516.7002,4522.7002,3594
2026-05-22 04:00:00-04:00,4522.7002,4531.8999,4516.8999,4522.8999,4597
2026-05-22 05:00:00-04:00,4522.3999,4536.7002,4515.0,4532.8999,5303
2026-05-22 06:00:00-04:00,4532.8999,4537.6001,4511.3999,4515.5,5689
2026-05-22 07:00:00-04:00,4515.7002,4525.7998,4512.0,4521.5,3528
2026-05-22 08:00:00-04:00,4521.1001,4537.3999,4515.7002,4529.5,10425
2026-05-22 09:00:00-04:00,4529.6001,4535.7002,4510.0,4514.5,10329
2026-05-22 10:00:00-04:00,4514.5,4515.0,4488.0,4501.3999,14962
2026-05-22 11:00:00-04:00,4501.6001,4523.2002,4501.0,4521.0,7937
2026-05-22 12:00:00-04:00,4521.2998,4528.3999,4512.7998,4516.2998,5715
2026-05-22 13:00:00-04:00,4516.5,4529.8999,4514.5,4520.2002,7341
2026-05-22 14:00:00-04:00,4520.5,4522.7002,4513.5,4517.0,3408
2026-05-22 15:00:00-04:00,4516.8999,4517.7002,4505.6001,4510.0,3717
2026-05-22 16:00:00-04:00,4510.1001,4523.2002,4505.3999,4523.2002,1621
2026-05-26 00:00:00-04:00,4542.7002,4543.6001,4523.8999,4526.1001,4458
2026-05-26 01:00:00-04:00,4525.7998,4535.6001,4523.3999,4527.7998,3073
2026-05-26 02:00:00-04:00,4527.8999,4536.7002,4527.3999,4531.7998,5367
2026-05-26 03:00:00-04:00,4531.8999,4539.8999,4521.7998,4538.6001,5737
2026-05-26 04:00:00-04:00,4539.0,4539.6001,4520.2002,4524.7002,8306
2026-05-26 05:00:00-04:00,4524.2998,4527.2002,4512.2998,4523.1001,8433
2026-05-26 06:00:00-04:00,4523.0,4540.8999,4519.5,4534.8999,9571
2026-05-26 07:00:00-04:00,4535.1001,4537.0,4503.0,4507.5,14849
2026-05-26 08:00:00-04:00,4507.1001,4524.2998,4500.2002,4520.7002,16727
2026-05-26 09:00:00-04:00,4520.6001,4532.2998,4512.6001,4514.6001,19814
2026-05-26 10:00:00-04:00,4515.1001,4525.6001,4508.2998,4515.6001,16707
2026-05-26 11:00:00-04:00,4515.6001,4515.7998,4502.5,4506.7002,13472
2026-05-26 12:00:00-04:00,4506.5,4512.0,4499.2998,4505.2002,7572
2026-05-26 13:00:00-04:00,4504.8999,4508.8999,4487.3999,4490.0,20936
2026-05-26 14:00:00-04:00,4490.0,4499.2002,4480.0,4498.7002,6964
2026-05-26 15:00:00-04:00,4499.0,4509.7998,4497.2002,4508.7002,4716
2026-05-26 16:00:00-04:00,4509.0,4511.7998,4504.2998,4507.2998,0
2026-05-26 18:00:00-04:00,4507.3999,4512.7002,4498.8999,4510.8999,1214
2026-05-26 19:00:00-04:00,4512.2998,4528.1001,4504.7002,4519.6001,1331
2026-05-26 20:00:00-04:00,4517.3999,4525.7998,4513.6001,4514.6001,730
2026-05-26 21:00:00-04:00,4516.7998,4520.2998,4506.2002,4507.5,891
2026-05-26 22:00:00-04:00,4508.6001,4508.6001,4497.7998,4505.2002,695
2026-05-26 23:00:00-04:00,4505.2998,4510.3999,4496.2002,4496.2998,407
2026-05-27 00:00:00-04:00,4496.0,4516.2002,4494.7998,4509.2998,858
2026-05-27 01:00:00-04:00,4508.7998,4512.7998,4490.5,4496.5,1803
2026-05-27 02:00:00-04:00,4496.3999,4497.7998,4478.5,4484.5,2862
2026-05-27 03:00:00-04:00,4485.2998,4520.6001,4479.5,4513.2002,24479
2026-05-27 04:00:00-04:00,4513.1001,4529.5,4512.2002,4528.7002,6610
2026-05-27 05:00:00-04:00,4528.5,4528.7002,4517.8999,4521.7998,7261
2026-05-27 06:00:00-04:00,4521.6001,4522.2998,4472.7002,4476.2002,19486
2026-05-27 07:00:00-04:00,4476.2998,4483.8999,4454.2998,4458.2998,16635
2026-05-27 08:00:00-04:00,4458.5,4496.5,4457.2998,4469.3999,23030
2026-05-27 09:00:00-04:00,4469.2002,4469.7002,4431.0,4458.2002,32963
2026-05-27 10:00:00-04:00,4458.1001,4487.2002,4457.0,4465.6001,20310
2026-05-27 11:00:00-04:00,4465.3999,4473.0,4459.5,4468.0,11942
2026-05-27 12:00:00-04:00,4468.1001,4485.3999,4465.6001,4482.3999,9219
2026-05-27 13:00:00-04:00,4482.3999,4485.8999,4472.7002,4481.8999,9843
2026-05-27 14:00:00-04:00,4481.6001,4490.0,4479.0,4485.8999,2941
2026-05-27 15:00:00-04:00,4486.0,4486.7002,4480.7002,4483.0,3755
2026-05-27 16:00:00-04:00,4482.7998,4490.6001,4481.7998,4488.5,1578
2026-05-27 18:00:00-04:00,4488.0,4502.0,4485.5,4488.0,0
2026-05-27 19:00:00-04:00,4487.7002,4488.2002,4473.2002,4477.7002,1841
2026-05-27 20:00:00-04:00,4477.3999,4488.7998,4474.0,4487.6001,1802
2026-05-27 21:00:00-04:00,4487.8999,4489.5,4437.2998,4440.3999,6831
2026-05-27 22:00:00-04:00,4441.6001,4443.2002,4423.0,4424.3999,6535
2026-05-27 23:00:00-04:00,4424.2002,4428.3999,4398.0,4405.2998,6196
2026-05-28 00:00:00-04:00,4404.2002,4411.7998,4395.6001,4402.2002,3492
2026-05-28 01:00:00-04:00,4402.7002,4425.5,4396.1001,4417.1001,5287
2026-05-28 02:00:00-04:00,4417.2002,4419.8999,4403.7998,4413.2998,4737
2026-05-28 03:00:00-04:00,4413.6001,4426.0,4412.3999,4417.2002,5568
2026-05-28 04:00:00-04:00,4417.5,4424.7998,4415.6001,4416.7998,3734
2026-05-28 05:00:00-04:00,4416.2998,4429.0,4416.1001,4424.0,4114
2026-05-28 06:00:00-04:00,4424.1001,4434.2998,4405.5,4413.6001,5963
2026-05-28 07:00:00-04:00,4413.0,4421.0,4410.8999,4418.2002,3607
2026-05-28 08:00:00-04:00,4417.8999,4464.0,4409.7998,4461.8999,11792
2026-05-28 09:00:00-04:00,4462.2998,4469.3999,4448.0,4460.6001,12835
2026-05-28 10:00:00-04:00,4460.1001,4511.3999,4450.6001,4500.2998,25430
2026-05-28 11:00:00-04:00,4500.7002,4515.8999,4499.3999,4512.5,7872
2026-05-28 12:00:00-04:00,4512.8999,4542.0,4507.5,4541.7998,10682
2026-05-28 13:00:00-04:00,4541.8999,4545.3999,4531.5,4539.2002,7531
2026-05-28 14:00:00-04:00,4539.2002,4547.1001,4529.2998,4532.5,4776
2026-05-28 15:00:00-04:00,4532.2002,4534.6001,4528.0,4528.7002,3487
2026-05-28 16:00:00-04:00,4528.7002,4531.7002,4525.6001,4527.2998,1792
2026-05-28 18:00:00-04:00,4527.6001,4530.2998,4521.6001,4521.7002,0
2026-05-28 19:00:00-04:00,4522.5,4527.8999,4519.5,4525.6001,1243
2026-05-28 20:00:00-04:00,4525.5,4531.5,4522.5,4525.2998,2056
2026-05-28 21:00:00-04:00,4526.0,4551.2002,4522.7002,4536.8999,5033
2026-05-28 22:00:00-04:00,4536.6001,4541.3999,4528.3999,4531.7002,2334
2026-05-28 23:00:00-04:00,4532.0,4532.2002,4525.2002,4530.8999,1982
2026-05-29 00:00:00-04:00,4531.3999,4545.3999,4531.3999,4544.7002,2426
2026-05-29 01:00:00-04:00,4544.6001,4547.0,4533.0,4545.7998,3525
2026-05-29 02:00:00-04:00,4546.1001,4554.8999,4540.7002,4554.3999,4965
2026-05-29 03:00:00-04:00,4554.2002,4557.2002,4541.2998,4555.5,5830
2026-05-29 04:00:00-04:00,4555.0,4555.5,4540.0,4544.7002,3905
2026-05-29 05:00:00-04:00,4545.2002,4571.2002,4543.3999,4562.0,7602
2026-05-29 06:00:00-04:00,4562.0,4574.3999,4556.3999,4569.6001,3657
2026-05-29 07:00:00-04:00,4569.3999,4571.7002,4556.7002,4569.1001,4027
2026-05-29 08:00:00-04:00,4569.2002,4569.2998,4543.3999,4554.0,6399
2026-05-29 09:00:00-04:00,4553.6001,4571.0,4547.5,4567.2998,8304
2026-05-29 10:00:00-04:00,4567.0,4604.1001,4556.1001,4595.2002,17995
2026-05-29 11:00:00-04:00,4596.1001,4627.1001,4587.2998,4602.1001,21304
2026-05-29 12:00:00-04:00,4602.1001,4604.5,4590.5,4597.7002,6344
2026-05-29 13:00:00-04:00,4597.7998,4599.2998,4582.3999,4584.3999,5782
2026-05-29 14:00:00-04:00,4584.2002,4592.7002,4581.6001,4584.2002,2820
2026-05-29 15:00:00-04:00,4584.2998,4591.3999,4574.1001,4576.7998,4106
2026-05-29 16:00:00-04:00,4576.8999,4593.0,4567.2998,4593.0,1797
2026-05-31 18:00:00-04:00,4555.2998,4571.1001,4554.1001,4565.8999,1372
2026-05-31 19:00:00-04:00,4566.2002,4576.3999,4565.8999,4570.7002,1950
2026-05-31 20:00:00-04:00,4570.5,4577.2998,4565.5,4571.3999,2361
2026-05-31 21:00:00-04:00,4571.2002,4572.1001,4554.3999,4556.2002,3504
2026-05-31 22:00:00-04:00,4556.1001,4565.7002,4551.3999,4552.0,2019
2026-05-31 23:00:00-04:00,4551.7002,4556.2998,4540.2998,4546.0,2803
2026-06-01 00:00:00-04:00,4546.8999,4550.1001,4537.6001,4544.7002,1842
2026-06-01 01:00:00-04:00,4544.7998,4555.3999,4542.7002,4548.2002,2089
2026-06-01 02:00:00-04:00,4548.1001,4548.6001,4529.1001,4531.7002,4367
2026-06-01 03:00:00-04:00,4531.6001,4540.2002,4522.1001,4532.7002,4450
2026-06-01 04:00:00-04:00,4533.0,4534.5,4519.6001,4527.3999,4106
2026-06-01 05:00:00-04:00,4527.6001,4536.2002,4518.6001,4525.6001,4864
2026-06-01 06:00:00-04:00,4525.8999,4540.8999,4525.8999,4534.1001,2940
2026-06-01 07:00:00-04:00,4534.2002,4542.7998,4529.7002,4536.0,3192
2026-06-01 08:00:00-04:00,4535.7998,4540.3999,4527.6001,4532.0,5394
2026-06-01 09:00:00-04:00,4532.2998,4533.7998,4476.2002,4480.1001,21180
2026-06-01 10:00:00-04:00,4479.1001,4494.8999,4476.0,4488.5,12274
2026-06-01 11:00:00-04:00,4489.0,4510.5,4485.0,4504.1001,9756
2026-06-01 12:00:00-04:00,4504.7002,4513.1001,4493.1001,4510.6001,6521
2026-06-01 13:00:00-04:00,4510.8999,4525.6001,4501.3999,4517.5,8859
2026-06-01 14:00:00-04:00,4517.3999,4520.2002,4514.7998,4516.7998,1632
2026-06-01 15:00:00-04:00,4516.5,4518.2002,4509.1001,4511.1001,2675
2026-06-01 16:00:00-04:00,4511.2002,4515.7002,4510.2002,4514.7998,1681
2026-06-01 18:00:00-04:00,4515.7998,4517.8999,4509.5,4515.2998,0
2026-06-01 19:00:00-04:00,4515.2998,4518.6001,4508.2002,4514.2998,1281
2026-06-01 20:00:00-04:00,4514.3999,4526.7998,4506.2998,4511.0,2641
2026-06-01 21:00:00-04:00,4510.7002,4522.0,4492.2998,4503.6001,5185
2026-06-01 22:00:00-04:00,4503.7002,4516.3999,4502.0,4516.2002,3035
2026-06-01 23:00:00-04:00,4515.7998,4530.0,4515.6001,4528.3999,3113
2026-06-02 00:00:00-04:00,4529.2998,4548.6001,4528.0,4547.7002,3902
2026-06-02 01:00:00-04:00,4547.7002,4558.7998,4545.7002,4547.0,4575
2026-06-02 02:00:00-04:00,4546.8999,4568.7998,4546.8999,4566.0,6064
2026-06-02 03:00:00-04:00,4565.7998,4571.2998,4558.0,4565.2002,4952
2026-06-02 04:00:00-04:00,4565.2002,4569.2998,4556.1001,4557.0,3327
2026-06-02 05:00:00-04:00,4557.1001,4565.8999,4550.8999,4559.3999,5891
2026-06-02 06:00:00-04:00,4559.7002,4563.5,4554.1001,4563.1001,2316
2026-06-02 07:00:00-04:00,4563.0,4564.2002,4555.2002,4557.2998,2262
2026-06-02 08:00:00-04:00,4557.5,4563.7998,4542.7998,4544.0,7081
2026-06-02 09:00:00-04:00,4544.2998,4554.3999,4532.1001,4532.1001,8375
2026-06-02 10:00:00-04:00,4532.0,4536.7998,4519.3999,4533.7002,9964
2026-06-02 11:00:00-04:00,4533.3999,4538.2002,4529.5,4531.7002,5302
2026-06-02 12:00:00-04:00,4531.7002,4532.7998,4515.6001,4521.2998,5675
2026-06-02 13:00:00-04:00,4521.2002,4522.7002,4511.2998,4514.0,5045
2026-06-02 14:00:00-04:00,4514.2998,4520.2002,4508.0,4516.8999,3235
2026-06-02 15:00:00-04:00,4517.0,4520.2002,4513.2002,4517.7002,1853
2026-06-02 16:00:00-04:00,4517.7998,4521.0,4516.1001,4519.2002,990
2026-06-02 18:00:00-04:00,4520.0,4522.7002,4512.8999,4514.0,0
2026-06-02 19:00:00-04:00,4514.2002,4517.6001,4490.5,4502.8999,5432
2026-06-02 20:00:00-04:00,4502.6001,4525.1001,4502.6001,4514.3999,3074
2026-06-02 21:00:00-04:00,4514.2002,4516.0,4491.2002,4504.0,5957
2026-06-02 22:00:00-04:00,4504.0,4513.1001,4500.7998,4509.7998,2927
2026-06-02 23:00:00-04:00,4510.1001,4515.5,4510.1001,4512.0,1264
2026-06-03 00:00:00-04:00,4512.3999,4516.1001,4496.3999,4497.5,1742
2026-06-03 01:00:00-04:00,4497.2002,4502.2002,4484.7998,4485.7998,3961
2026-06-03 02:00:00-04:00,4485.3999,4499.2998,4483.7002,4491.7002,4252
2026-06-03 03:00:00-04:00,4491.3999,4500.5,4481.1001,4481.6001,4607
2026-06-03 04:00:00-04:00,4481.7998,4487.7998,4468.2002,4472.2998,5944
2026-06-03 05:00:00-04:00,4472.2998,4487.5,4467.2002,4471.2998,6054
2026-06-03 06:00:00-04:00,4471.7002,4496.0,4469.5,4487.7002,4638
2026-06-03 07:00:00-04:00,4487.7998,4496.5,4487.0,4490.6001,2303
2026-06-03 08:00:00-04:00,4490.8999,4495.6001,4476.2998,4488.6001,5977
2026-06-03 09:00:00-04:00,4488.5,4494.5,4454.0,4475.2002,12532
2026-06-03 10:00:00-04:00,4473.8999,4488.2998,4470.5,4485.2998,7807
2026-06-03 11:00:00-04:00,4485.7002,4486.5,4464.7998,4469.7998,4959
2026-06-03 12:00:00-04:00,4470.0,4472.1001,4461.1001,4469.3999,4378
2026-06-03 13:00:00-04:00,4469.8999,4476.7998,4463.3999,4467.2002,4622
2026-06-03 14:00:00-04:00,4467.1001,4470.8999,4462.0,4470.1001,2389
2026-06-03 15:00:00-04:00,4469.7998,4480.0,4469.5,4472.0,3531
2026-06-03 16:00:00-04:00,4471.8999,4473.6001,4458.6001,4462.7002,2452
2026-06-03 18:00:00-04:00,4462.6001,4479.2002,4450.1001,4475.2998,0
2026-06-03 19:00:00-04:00,4475.5,4491.2002,4471.5,4483.5,2582
2026-06-03 20:00:00-04:00,4484.0,4491.7998,4470.6001,4475.6001,2142
2026-06-03 21:00:00-04:00,4475.0,4500.7998,4470.0,4492.5,4079
2026-06-03 22:00:00-04:00,4492.1001,4504.2002,4482.5,4502.0,3216
2026-06-03 23:00:00-04:00,4501.7002,4504.2002,4485.1001,4490.6001,2333
